_	POSS-PRON	_	_	_	PRON	Possessive=Yes	_
_	V|REL-LI	_	_	_	VERB	VerbForm=Part	_
_	PRON|REL-LI	_	_	_	PRON	PronType=Rel	_
_	PRON	_	_	_	PRON	_	_
_	N	_	_	_	NOUN	_	_
_	V	_	_	_	VERB	_	_
_	GEN-CON	_	_	_	_	_	_
_	COMMA	_	_	_	PUNCT	_	_
_	ADV	_	_	_	ADV	_	_
_	PREP	_	_	_	ADP	_	_
_	ADJ	_	_	_	ADJ	_	_
_	PROPNAME	_	_	_	PROPN	_	_
_	CC	_	_	_	_	_	_
_	CONJ	_	_	_	_	_	_
_	NUM	_	_	_	_	_	_
_	DOUBLE-QUOTE-OPENING	_	_	_	_	_	_
_	SEMI-COLON	_	_	_	_	_	_
_	RIGHT-PARENTHESIS	_	_	_	_	_	_
_	AG-PART	_	_	_	_	_	_
_	LEFT-PARENTHESIS	_	_	_	_	_	_
_	COLON	_	_	_	PUNCT	_	_
_	CONJ/CC	_	_	_	_	_	_
_	SINGLE-QUOTE	_	_	_	PUNCT	_	_
_	V-BE	_	_	_	AUX	_	_
_	HYPHEN	_	_	_	PUNCT	_	_
_	INTERROG	_	_	_	_	_	_
_	GEN-CON-KWA	_	_	_	_	_	_
_	EXCLAM	_	_	_	_	_	_
_	QUESTION-MARK	_	_	_	PUNCT	_	_
_	DOUBLE-QUOTE-CLOSING	_	_	_	_	_	_
_	ABBR	_	_	_	_	_	_
_	SINGLE-QUOTE-OPENING	_	_	_	_	_	_
_	SLASH	_	_	_	_	_	_
_	V-DEF	_	_	_	_	_	_
_	DOUBLE-QUOTE	_	_	_	_	_	_
_	REL-LI-VYO	_	_	_	_	_	_
_	DEM	_	_	_	_	PronType=Dem	_
_	REL-SI	_	_	_	_	_	_
_	TITLE	_	_	_	_	_	_
_	A-UNINFL	_	_	_	_	_	_
_	MWE	_	_	_	_	_	_
_	SINGLE-QUOTE-CLOSING	_	_	_	_	_	_
_	NUM-ROM	_	_	_	_	_	_
_	EQUAL-MARK	_	_	_	_	_	_
_	STOP	_	_	_	_	_	_
_	PREP/ADV	_	_	_	_	_	_
_	RIGHT-ANGLEBRACKET	_	_	_	_	_	_
_	PERCENT-MARK	_	_	_	_	_	_
_	DOLLAR-SIGN	_	_	_	_	_	_
_	PLUS-SIGN	_	_	_	_	_	_
_	AMPERSAND	_	_	_	_	_	_
_	REL-SI-VYO	_	_	_	_	_	_
_	UNDER-SCORE	_	_	_	_	_	_
_	RIGHT-CURLYBRACKET	_	_	_	_	_	_
_	LEFT-CURLYBRACKET	_	_	_	_	_	_
_	_	9/10-SG	_	_	_	_	_
_	_	COMMA	_	_	_	_	_
_	_	ADV	_	_	_	_	_
_	_	PREP	_	_	_	_	_
_	_	Heur	_	_	_	_	_
_	_	_	_	_	_	_	_
_	_		_	_	_	_	_
_	_	CC	_	_	_	_	_
_	_	9-SG	_	_	_	_	_
_	_	11-SG	_	_	_	_	_
_	_	TAM=PAST	_	_	_	_	_
_	_	1/2-SG	_	_	_	_	_
_	_	SUB-PREF=1-SG3	_	_	_	_	_
_	_	15-SG	_	_	_	_	_
_	_	DEM	_	_	_	_	_
_	_	9/10-PL	_	_	_	_	_
_	_	ADJ	_	_	_	_	_
_	_	5/6-PL	_	_	_	_	_
_	_	10-PL	_	_	_	_	_
_	_	CONJ	_	_	_	_	_
_	_	TAM=PR:na	_	_	_	_	_
_	_	5/6-SG	_	_	_	_	_
_	_	V-BE	_	_	_	_	_
_	_	A-INFL	_	_	_	_	_
_	_	1/2-PL	_	_	_	_	_
_	_	2-PL	_	_	_	_	_
_	_	3/4-SG	_	_	_	_	_
_	_	6-PL	_	_	_	_	_
_	_	[wa]	_	_	_	_	_
_	_	SUB-PREF=2-PL3	_	_	_	_	_
_	_	SUB-PREF=9-SG	_	_	_	_	_
_	_	3-SG	_	_	_	_	_
_	_	N	_	_	_	_	_
_	_	SG	_	_	_	_	_
_	_	6-PLSG	_	_	_	_	_
_	_	5-SG	_	_	_	_	_
_	_	7/8-SG	_	_	_	_	_
_	_	SG3	_	_	_	_	_
_	_	TITLE	_	_	_	_	_
_	_	TAM=SBJN	_	_	_	_	_
_	_	7-SG	_	_	_	_	_
_	_	1-SG	_	_	_	_	_
_	_	A-UNINFL	_	_	_	_	_
_	_	DOUBLE-QUOTE-OPENING	_	_	_	_	_
_	_	4-PL	_	_	_	_	_
_	_	11/10-SG	_	_	_	_	_
_	_	SUB-PREF=1-SG1	_	_	_	_	_
_	_	NUM	_	_	_	_	_
_	_	TAM=PERF:me	_	_	_	_	_
_	_	7/8-PL	_	_	_	_	_
_	_	REL-PREF=GEN	_	_	_	_	_
_	_	OTE	_	_	_	_	_
_	_	OBJ-PREF=1-SG3	_	_	_	_	_
_	_	CARD	_	_	_	_	_
_	_	3/4-PL	_	_	_	_	_
_	_	SEMI-COLON	_	_	_	_	_
_	_	RIGHT-PARENTHESIS	_	_	_	_	_
_	_	AG-PART	_	_	_	_	_
_	_	SUB-PREF=2-PL1	_	_	_	_	_
_	_	NUM-INFL	_	_	_	_	_
_	_	9/6-SG	_	_	_	_	_
_	_	SUB-PREF=6-PL	_	_	_	_	_
_	_	TAM=FUT:ta	_	_	_	_	_
_	_	LEFT-PARENTHESIS	_	_	_	_	_
_	_	TAM=PR:a	_	_	_	_	_
_	_	SUB-PREF=10-PL	_	_	_	_	_
_	_	SUB-PREF=11-SG	_	_	_	_	_
_	_	8-PL	_	_	_	_	_
_	_	C:na	_	_	_	_	_
_	_	COLON	_	_	_	_	_
_	_	PL3	_	_	_	_	_
_	_	[weza]	_	_	_	_	_
_	_	CONJ/CC	_	_	_	_	_
_	_	le	_	_	_	_	_
_	_	SINGLE-QUOTE	_	_	_	_	_
_	_	SUB-PREF=3-SG	_	_	_	_	_
_	_	SUB-PREF=5-SG	_	_	_	_	_
_	_	TAM=NEG-a	_	_	_	_	_
_	_	[sema]	_	_	_	_	_
_	_	OBJ-PREF=2-PL3	_	_	_	_	_
_	_	[fanya]	_	_	_	_	_
_	_	[ona]	_	_	_	_	_
_	_	PL1	_	_	_	_	_
_	_	IMP	_	_	_	_	_
_	_	REL-PREF=16-SG	_	_	_	_	_
_	_	[pata]	_	_	_	_	_
_	_	PERS-PRON	_	_	_	_	_
_	_	[tuma]	_	_	_	_	_
_	_	INGI	_	_	_	_	_
_	_	SUB-PREF=7-SG	_	_	_	_	_
_	_	SG1	_	_	_	_	_
_	_	[toa]	_	_	_	_	_
_	_	OBJ-PREF=9-SG	_	_	_	_	_
_	_	SUB-PREF=HABIT-SG	_	_	_	_	_
_	_	PRON	_	_	_	_	_
_	_	REL-PREF=8-PL	_	_	_	_	_
_	_	REL-PREF=9-SG	_	_	_	_	_
_	_	11/10-PL	_	_	_	_	_
_	_	TAM=PAST-NEG:ku	_	_	_	_	_
_	_	OBJ-PREF=SG-REFL	_	_	_	_	_
_	_	SUB-PREF=8-PL	_	_	_	_	_
_	_	[taka]	_	_	_	_	_
_	_	REL-PREF=6-PL	_	_	_	_	_
_	_	REL-PREF=2-PL-SUB	_	_	_	_	_
_	_	INTERROG	_	_	_	_	_
_	_	[jua]	_	_	_	_	_
_	_	[enda]	_	_	_	_	_
_	_	COMP	_	_	_	_	_
_	_	[anza]	_	_	_	_	_
_	_	16-SG	_	_	_	_	_
_	_	PROPNAME	_	_	_	_	_
_	_	TAM=COND:ki	_	_	_	_	_
_	_	SUB-PREF=17-SG	_	_	_	_	_
_	_	SUB-PREF=HABIT-PL	_	_	_	_	_
_	_	HYPHEN	_	_	_	_	_
_	_	OBJ-PREF=6-PL	_	_	_	_	_
_	_	REL-PREF=1-SG-SUB	_	_	_	_	_
_	_	REL-PREF=10-PL	_	_	_	_	_
_	_	EXCLAM	_	_	_	_	_
_	_	ADV:ki	_	_	_	_	_
_	_	SG2	_	_	_	_	_
_	_	REL-PREF=OBJ-GEN	_	_	_	_	_
_	_	TAM=COND:nge	_	_	_	_	_
_	_	OBJ-PREF=5-SG	_	_	_	_	_
_	_	9/6-PL	_	_	_	_	_
_	_	[pa]	_	_	_	_	_
_	_	[andika]	_	_	_	_	_
_	_	SUB-PREF=1-SG2	_	_	_	_	_
_	_	QUESTION-MARK	_	_	_	_	_
_	_	11/6-SG	_	_	_	_	_
_	_	[fika]	_	_	_	_	_
_	_	[endelea]	_	_	_	_	_
_	_	OBJ-PREF=3-SG	_	_	_	_	_
_	_	OBJ-PREF=10-PL	_	_	_	_	_
_	_	[eleza]	_	_	_	_	_
_	_	SUB-PREF=6-PLSG	_	_	_	_	_
_	_	[onyesha]	_	_	_	_	_
_	_	OBJ-PREF=2-PL1	_	_	_	_	_
_	_	[fuata]	_	_	_	_	_
_	_	OBJ-PREF=1-SG1	_	_	_	_	_
_	_	REL-PREF=11-SG	_	_	_	_	_
_	_	ADJ-REL	_	_	_	_	_
_	_	[penda]	_	_	_	_	_
_	_	SUB-PREF=4-PL	_	_	_	_	_
_	_	SUB-PREF=15-SG	_	_	_	_	_
_	_	[soma]	_	_	_	_	_
_	_	[ja]	_	_	_	_	_
_	_	[ingia]	_	_	_	_	_
_	_	SUB-PREF=2-PL2	_	_	_	_	_
_	_	REL-PREF=7-SG	_	_	_	_	_
_	_	REL-PREF=5-SG	_	_	_	_	_
_	_	[kaa]	_	_	_	_	_
_	_	[piga]	_	_	_	_	_
_	_	OBJ-PREF=1-SG2	_	_	_	_	_
_	_	[chukua]	_	_	_	_	_
_	_	NUM-UNINFL	_	_	_	_	_
_	_	[leta]	_	_	_	_	_
_	_	[fikiri]	_	_	_	_	_
_	_	[husu]	_	_	_	_	_
_	_	18-SG	_	_	_	_	_
_	_	[omba]	_	_	_	_	_
_	_	[weka]	_	_	_	_	_
_	_	[sikia]	_	_	_	_	_
_	_	[saidia]	_	_	_	_	_
_	_	[acha]	_	_	_	_	_
_	_	[kubali]	_	_	_	_	_
_	_	DOUBLE-QUOTE-CLOSING	_	_	_	_	_
_	_	[toka]	_	_	_	_	_
_	_	[ishi]	_	_	_	_	_
_	_	[pita]	_	_	_	_	_
_	_	PERF-NEG:ja	_	_	_	_	_
_	_	[ita]	_	_	_	_	_
_	_	SUB-PREF=16-SG	_	_	_	_	_
_	_	17-SG	_	_	_	_	_
_	_	[tia]	_	_	_	_	_
_	_	TAM=FUT:taka	_	_	_	_	_
_	_	REL-PREF=NEG	_	_	_	_	_
_	_	[zungumza]	_	_	_	_	_
_	_	[tegemea]	_	_	_	_	_
_	_	SUB-PREF=2-PL	_	_	_	_	_
_	_	[rudi]	_	_	_	_	_
_	_	SUB-PREF=1-SG	_	_	_	_	_
_	_	OBJ-PREF=7-SG	_	_	_	_	_
_	_	[tazama]	_	_	_	_	_
_	_	REL-PREF=4-PL	_	_	_	_	_
_	_	[jenga]	_	_	_	_	_
_	_	[elewa]	_	_	_	_	_
_	_	[amba]	_	_	_	_	_
_	_	ORD	_	_	_	_	_
_	_	[kuta]	_	_	_	_	_
_	_	[jibu]	_	_	_	_	_
_	_	ABBR	_	_	_	_	_
_	_	[tokea]	_	_	_	_	_
_	_	[shinda]	_	_	_	_	_
_	_	[shika]	_	_	_	_	_
_	_	REL-PREF=3-SG	_	_	_	_	_
_	_	SINGLE-QUOTE-OPENING	_	_	_	_	_
_	_	[faa]	_	_	_	_	_
_	_	[kumbuka]	_	_	_	_	_
_	_	[simama]	_	_	_	_	_
_	_	[la]	_	_	_	_	_
_	_	[funza]	_	_	_	_	_
_	_	[tambua]	_	_	_	_	_
_	_	GENERIC	_	_	_	_	_
_	_	SELFSTANDING	_	_	_	_	_
_	_	[lia]	_	_	_	_	_
_	_	[uliza]	_	_	_	_	_
_	_	[shiriki]	_	_	_	_	_
_	_	[tunga]	_	_	_	_	_
_	_	[angalia]	_	_	_	_	_
_	_	[isha]	_	_	_	_	_
_	_	[fahamu]	_	_	_	_	_
_	_	[tafuta]	_	_	_	_	_
_	_	[hitaji]	_	_	_	_	_
_	_	OBJ-PREF=4-PL	_	_	_	_	_
_	_	[jaribu]	_	_	_	_	_
_	_	OBJ-PREF=PL-REFL	_	_	_	_	_
_	_	[shughulika]	_	_	_	_	_
_	_	[taja]	_	_	_	_	_
_	_	[tenda]	_	_	_	_	_
_	_	[amini]	_	_	_	_	_
_	_	[ongeza]	_	_	_	_	_
_	_	[elekea]	_	_	_	_	_
_	_	[maliza]	_	_	_	_	_
_	_	[imba]	_	_	_	_	_
_	_	[peleka]	_	_	_	_	_
_	_	SLASH	_	_	_	_	_
_	_	[zidi]	_	_	_	_	_
_	_	11/6-PL	_	_	_	_	_
_	_	[chagua]	_	_	_	_	_
_	_	[vuta]	_	_	_	_	_
_	_	[jadili]	_	_	_	_	_
_	_	[potea]	_	_	_	_	_
_	_	V-DEF	_	_	_	_	_
_	_	DOUBLE-QUOTE	_	_	_	_	_
_	_	[dai]	_	_	_	_	_
_	_	[badili]	_	_	_	_	_
_	_	ADJ-REL-NEG	_	_	_	_	_
_	_	OBJ-PREF=8-PL	_	_	_	_	_
_	_	[jaa]	_	_	_	_	_
_	_	[sisitiza]	_	_	_	_	_
_	_	[zaa]	_	_	_	_	_
_	_	[dhani]	_	_	_	_	_
_	_	PL2	_	_	_	_	_
_	_	[shukuru]	_	_	_	_	_
_	_	[panga]	_	_	_	_	_
_	_	[fa]	_	_	_	_	_
_	_	[funga]	_	_	_	_	_
_	_	[cheza]	_	_	_	_	_
_	_	[fana]	_	_	_	_	_
_	_	[hakiki]	_	_	_	_	_
_	_	[kata]	_	_	_	_	_
_	_	[pasa]	_	_	_	_	_
_	_	[ongoa]	_	_	_	_	_
_	_	[vaa]	_	_	_	_	_
_	_	[kosa]	_	_	_	_	_
_	_	[chapa]	_	_	_	_	_
_	_	[unga]	_	_	_	_	_
_	_	[enea]	_	_	_	_	_
_	_	[pongea]	_	_	_	_	_
_	_	[panda]	_	_	_	_	_
_	_	OBJ-PREF=2-PL2	_	_	_	_	_
_	_	[oa]	_	_	_	_	_
_	_	[lala]	_	_	_	_	_
_	_	[baki]	_	_	_	_	_
_	_	[amua]	_	_	_	_	_
_	_	[tosha]	_	_	_	_	_
_	_	[tawala]	_	_	_	_	_
_	_	[ondoka]	_	_	_	_	_
_	_	**OBJ-CLB	_	_	_	_	_
_	_	INF-TAM=SBJN	_	_	_	_	_
_	_	[tupa]	_	_	_	_	_
_	_	[lima]	_	_	_	_	_
_	_	[ondoa]	_	_	_	_	_
_	_	[lipa]	_	_	_	_	_
_	_	OBJ-PREF=11-SG	_	_	_	_	_
_	_	[kusudia]	_	_	_	_	_
_	_	[funda]	_	_	_	_	_
_	_	[kuza]	_	_	_	_	_
_	_	REL-LI	_	_	_	_	_
_	_	[pokea]	_	_	_	_	_
_	_	[pinga]	_	_	_	_	_
_	_	[furahi]	_	_	_	_	_
_	_	2-PL-OBJ-REL	_	_	_	_	_
_	_	[fungua]	_	_	_	_	_
_	_	[angua]	_	_	_	_	_
_	_	[sikiliza]	_	_	_	_	_
_	_	[bidi]	_	_	_	_	_
_	_	kwisha	_	_	_	_	_
_	_	[lazimu]	_	_	_	_	_
_	_	[athiri]	_	_	_	_	_
_	_	[kusanya]	_	_	_	_	_
_	_	[zuia]	_	_	_	_	_
_	_	[dhihiri]	_	_	_	_	_
_	_	[changa]	_	_	_	_	_
_	_	[nunua]	_	_	_	_	_
_	_	[teta]	_	_	_	_	_
_	_	[cheka]	_	_	_	_	_
_	_	interrog:pi	_	_	_	_	_
_	_	TAM=PERF:mekwisha	_	_	_	_	_
_	_	[tembea]	_	_	_	_	_
_	_	[zingatia]	_	_	_	_	_
_	_	[wasili]	_	_	_	_	_
_	_	[timiza]	_	_	_	_	_
_	_	[kataa]	_	_	_	_	_
_	_	1-SG3	_	_	_	_	_
_	_	[ridhi]	_	_	_	_	_
_	_	[hifadhi]	_	_	_	_	_
_	_	[tekeleza]	_	_	_	_	_
_	_	[unda]	_	_	_	_	_
_	_	[geuka]	_	_	_	_	_
_	_	[tengenea]	_	_	_	_	_
_	_	[tamka]	_	_	_	_	_
_	_	[wahi]	_	_	_	_	_
_	_	[kabili]	_	_	_	_	_
_	_	[vunja]	_	_	_	_	_
_	_	[shauri]	_	_	_	_	_
_	_	[sahau]	_	_	_	_	_
_	_	[thibiti]	_	_	_	_	_
_	_	[sifu]	_	_	_	_	_
_	_	SUB-PREF=PL1	_	_	_	_	_
_	_	SUB-PREF=SG1	_	_	_	_	_
_	_	[karibia]	_	_	_	_	_
_	_	TAM=NARR:ka	_	_	_	_	_
_	_	TEMP	_	_	_	_	_
_	_	[inua]	_	_	_	_	_
_	_	[pendekeza]	_	_	_	_	_
_	_	[andaa]	_	_	_	_	_
_	_	[ua]	_	_	_	_	_
_	_	[hama]	_	_	_	_	_
_	_	[wakilika]	_	_	_	_	_
_	_	[miliki]	_	_	_	_	_
_	_	TAM=COND:ngali	_	_	_	_	_
_	_	[ngoja]	_	_	_	_	_
_	_	ADJ-PR-REL	_	_	_	_	_
_	_	[jali]	_	_	_	_	_
_	_	[faidi]	_	_	_	_	_
_	_	[tii]	_	_	_	_	_
_	_	[punga]	_	_	_	_	_
_	_	[ongea]	_	_	_	_	_
_	_	[kua]	_	_	_	_	_
_	_	[zua]	_	_	_	_	_
_	_	[chungua]	_	_	_	_	_
_	_	[uza]	_	_	_	_	_
_	_	[hisi]	_	_	_	_	_
_	_	[dumu]	_	_	_	_	_
_	_	[zungua]	_	_	_	_	_
_	_	[gusa]	_	_	_	_	_
_	_	[faulu]	_	_	_	_	_
_	_	[lea]	_	_	_	_	_
_	_	2-PL1	_	_	_	_	_
_	_	[lingana]	_	_	_	_	_
_	_	[sanifu]	_	_	_	_	_
_	_	[haribu]	_	_	_	_	_
_	_	REL-PREF=15-SG	_	_	_	_	_
_	_	[ruhusu]	_	_	_	_	_
_	_	[rejea]	_	_	_	_	_
_	_	[zoea]	_	_	_	_	_
_	_	[pamba]	_	_	_	_	_
_	_	[simulia]	_	_	_	_	_
_	_	[tenga]	_	_	_	_	_
_	_	REL-PREF=POS-GEN	_	_	_	_	_
_	_	[amka]	_	_	_	_	_
_	_	[tangaza]	_	_	_	_	_
_	_	[safiri]	_	_	_	_	_
_	_	[ficha]	_	_	_	_	_
_	_	[nyonya]	_	_	_	_	_
_	_	1-SG1	_	_	_	_	_
_	_	[ruka]	_	_	_	_	_
_	_	[linga]	_	_	_	_	_
_	_	[nya]	_	_	_	_	_
_	_	[kamili]	_	_	_	_	_
_	_	REL-SI	_	_	_	_	_
_	_	[gawa]	_	_	_	_	_
_	_	[sababika]	_	_	_	_	_
_	_	[ogopa]	_	_	_	_	_
_	_	[kamata]	_	_	_	_	_
_	_	[jitahidi]	_	_	_	_	_
_	_	[shangaa]	_	_	_	_	_
_	_	[fanika]	_	_	_	_	_
_	_	[kimbia]	_	_	_	_	_
_	_	[imarika]	_	_	_	_	_
_	_	[stahili]	_	_	_	_	_
_	_	[panua]	_	_	_	_	_
_	_	[gundua]	_	_	_	_	_
_	_	[rekebu]	_	_	_	_	_
_	_	[buni]	_	_	_	_	_
_	_	[nena]	_	_	_	_	_
_	_	[pima]	_	_	_	_	_
_	_	[elimika]	_	_	_	_	_
_	_	[zima]	_	_	_	_	_
_	_	[cha]	_	_	_	_	_
_	_	<kwisha	_	_	_	_	_
_	_	[waza]	_	_	_	_	_
_	_	[futa]	_	_	_	_	_
_	_	TAM=PERF:mesha	_	_	_	_	_
_	_	[tunza]	_	_	_	_	_
_	_	[okoa]	_	_	_	_	_
_	_	[taraji]	_	_	_	_	_
_	_	[tafsiri]	_	_	_	_	_
_	_	[uma]	_	_	_	_	_
_	_	[hudhuria]	_	_	_	_	_
_	_	OBJ-PREF=16-SG	_	_	_	_	_
_	_	[heshimu]	_	_	_	_	_
_	_	[umba]	_	_	_	_	_
_	_	[choma]	_	_	_	_	_
_	_	[choka]	_	_	_	_	_
_	_	[fukuza]	_	_	_	_	_
_	_	[linda]	_	_	_	_	_
_	_	[ambata]	_	_	_	_	_
_	_	[teua]	_	_	_	_	_
_	_	[ajiri]	_	_	_	_	_
_	_	[sukuma]	_	_	_	_	_
_	_	[beba]	_	_	_	_	_
_	_	[chambua]	_	_	_	_	_
_	_	OBJ-PREF=PERS	_	_	_	_	_
_	_	[nyoa]	_	_	_	_	_
_	_	[ibua]	_	_	_	_	_
_	_	SUB-PREF=18-SG	_	_	_	_	_
_	_	[zama]	_	_	_	_	_
_	_	[sikitika]	_	_	_	_	_
_	_	[onesha]	_	_	_	_	_
_	_	[hesabu]	_	_	_	_	_
_	_	INF-NEG:ku	_	_	_	_	_
_	_	[sadiki]	_	_	_	_	_
_	_	[suka]	_	_	_	_	_
_	_	SG-REFL-OBJ	_	_	_	_	_
_	_	[tayarika]	_	_	_	_	_
_	_	[geuza]	_	_	_	_	_
_	_	1-SG-OBJ-REL	_	_	_	_	_
_	_	[pendeza]	_	_	_	_	_
_	_	V	_	_	_	_	_
_	_	[tamani]	_	_	_	_	_
_	_	[shawishi]	_	_	_	_	_
_	_	TAM=COND-NEG:singe	_	_	_	_	_
_	_	[tulia]	_	_	_	_	_
_	_	[pona]	_	_	_	_	_
_	_	16-LOC	_	_	_	_	_
_	_	[subiri]	_	_	_	_	_
_	_	[changanya]	_	_	_	_	_
_	_	[gomba]	_	_	_	_	_
_	_	[vua]	_	_	_	_	_
_	_	[sita]	_	_	_	_	_
_	_	[epuka]	_	_	_	_	_
_	_	[tetema]	_	_	_	_	_
_	_	[sogea]	_	_	_	_	_
_	_	[fungama]	_	_	_	_	_
_	_	[ota]	_	_	_	_	_
_	_	[rithi]	_	_	_	_	_
_	_	[aga]	_	_	_	_	_
_	_	[vuka]	_	_	_	_	_
_	_	[safi]	_	_	_	_	_
_	_	[dhofu]	_	_	_	_	_
_	_	[vuna]	_	_	_	_	_
_	_	[tiriri]	_	_	_	_	_
_	_	[koma]	_	_	_	_	_
_	_	[gawanya]	_	_	_	_	_
_	_	[zia]	_	_	_	_	_
_	_	[thamini]	_	_	_	_	_
_	_	[inama]	_	_	_	_	_
_	_	[chanua]	_	_	_	_	_
_	_	[keti]	_	_	_	_	_
_	_	INDEF	_	_	_	_	_
_	_	[chukia]	_	_	_	_	_
_	_	[baini]	_	_	_	_	_
_	_	[tibu]	_	_	_	_	_
_	_	[ahidi]	_	_	_	_	_
_	_	[zindua]	_	_	_	_	_
_	_	[tanda]	_	_	_	_	_
_	_	[himiza]	_	_	_	_	_
_	_	[fafanua]	_	_	_	_	_
_	_	[pwita]	_	_	_	_	_
_	_	[pungua]	_	_	_	_	_
_	_	[kaza]	_	_	_	_	_
_	_	[lalama]	_	_	_	_	_
_	_	[kiri]	_	_	_	_	_
_	_	[tofautiana]	_	_	_	_	_
_	_	SUB-PREF=SG2	_	_	_	_	_
_	_	[vumilia]	_	_	_	_	_
_	_	[kariri]	_	_	_	_	_
_	_	[waa]	_	_	_	_	_
_	_	PL-REFL-OBJ	_	_	_	_	_
_	_	OBJ-PREF=15-SG	_	_	_	_	_
_	_	[mwaga]	_	_	_	_	_
_	_	MWE	_	_	_	_	_
_	_	[dondoa]	_	_	_	_	_
_	_	[ziba]	_	_	_	_	_
_	_	[kumba]	_	_	_	_	_
_	_	[funika]	_	_	_	_	_
_	_	[sambaa]	_	_	_	_	_
_	_	[dharau]	_	_	_	_	_
_	_	[nyanyua]	_	_	_	_	_
_	_	[kinga]	_	_	_	_	_
_	_	[shuka]	_	_	_	_	_
_	_	[fuma]	_	_	_	_	_
_	_	[unganika]	_	_	_	_	_
_	_	[tumikia]	_	_	_	_	_
_	_	[sumbua]	_	_	_	_	_
_	_	[onja]	_	_	_	_	_
_	_	[chuma]	_	_	_	_	_
_	_	[tafakari]	_	_	_	_	_
_	_	[penya]	_	_	_	_	_
_	_	[paka]	_	_	_	_	_
_	_	[angamiza]	_	_	_	_	_
_	_	[igiza]	_	_	_	_	_
_	_	1-SG2	_	_	_	_	_
_	_	[pika]	_	_	_	_	_
_	_	[twaa]	_	_	_	_	_
_	_	[kunja]	_	_	_	_	_
_	_	[fasiri]	_	_	_	_	_
_	_	[andama]	_	_	_	_	_
_	_	[vuma]	_	_	_	_	_
_	_	[onya]	_	_	_	_	_
_	_	[hangaika]	_	_	_	_	_
_	_	[chelewa]	_	_	_	_	_
_	_	[pendelea]	_	_	_	_	_
_	_	[nuia]	_	_	_	_	_
_	_	[hitimu]	_	_	_	_	_
_	_	[rahisi]	_	_	_	_	_
_	_	[laumu]	_	_	_	_	_
_	_	[gonga]	_	_	_	_	_
_	_	[songa]	_	_	_	_	_
_	_	[dhuru]	_	_	_	_	_
_	_	[chunga]	_	_	_	_	_
_	_	[danganya]	_	_	_	_	_
_	_	[sitawi]	_	_	_	_	_
_	_	REL-PREF=17-SG	_	_	_	_	_
_	_	[nufaika]	_	_	_	_	_
_	_	[dunika]	_	_	_	_	_
_	_	[chimba]	_	_	_	_	_
_	_	[thubutu]	_	_	_	_	_
_	_	[potoa]	_	_	_	_	_
_	_	[kopa]	_	_	_	_	_
_	_	[pumzika]	_	_	_	_	_
_	_	[kagua]	_	_	_	_	_
_	_	[tesa]	_	_	_	_	_
_	_	[staajabu]	_	_	_	_	_
_	_	[lenga]	_	_	_	_	_
_	_	DEF-V	_	_	_	_	_
_	_	[tua]	_	_	_	_	_
_	_	[nasa]	_	_	_	_	_
_	_	[kashifu]	_	_	_	_	_
_	_	[pambanua]	_	_	_	_	_
_	_	[iga]	_	_	_	_	_
_	_	[fumbua]	_	_	_	_	_
_	_	[teka]	_	_	_	_	_
_	_	[shona]	_	_	_	_	_
_	_	[dokeza]	_	_	_	_	_
_	_	[chinja]	_	_	_	_	_
_	_	[azima]	_	_	_	_	_
_	_	[maanika]	_	_	_	_	_
_	_	[baka]	_	_	_	_	_
_	_	[tumbua]	_	_	_	_	_
_	_	[tikisa]	_	_	_	_	_
_	_	[sahihi]	_	_	_	_	_
_	_	[towea]	_	_	_	_	_
_	_	TAM=COND-NEG:singali	_	_	_	_	_
_	_	[samehe]	_	_	_	_	_
_	_	[fumba]	_	_	_	_	_
_	_	[talii]	_	_	_	_	_
_	_	SINGLE-QUOTE-CLOSING	_	_	_	_	_
_	_	[kamua]	_	_	_	_	_
_	_	[iba]	_	_	_	_	_
_	_	TAM=PAST:likwisha	_	_	_	_	_
_	_	[rukaruka]	_	_	_	_	_
_	_	REL-PREF=6-PLSG	_	_	_	_	_
_	_	[shuhudu]	_	_	_	_	_
_	_	[kimu]	_	_	_	_	_
_	_	[salimu]	_	_	_	_	_
_	_	[chora]	_	_	_	_	_
_	_	[sadifu]	_	_	_	_	_
_	_	[jiri]	_	_	_	_	_
_	_	[tatua]	_	_	_	_	_
_	_	[mudu]	_	_	_	_	_
_	_	[shangilia]	_	_	_	_	_
_	_	[shambua]	_	_	_	_	_
_	_	[gona]	_	_	_	_	_
_	_	[dhulumu]	_	_	_	_	_
_	_	[arifu]	_	_	_	_	_
_	_	[tengeza]	_	_	_	_	_
_	_	[tabasamu]	_	_	_	_	_
_	_	[rekodi]	_	_	_	_	_
_	_	[kauka]	_	_	_	_	_
_	_	[kabidhi]	_	_	_	_	_
_	_	[fariki]	_	_	_	_	_
_	_	[bana]	_	_	_	_	_
_	_	[toroka]	_	_	_	_	_
_	_	[nyamaza]	_	_	_	_	_
_	_	[asa]	_	_	_	_	_
_	_	[stawi]	_	_	_	_	_
_	_	NUM-ROM	_	_	_	_	_
_	_	[ning'inia]	_	_	_	_	_
_	_	[kumbata]	_	_	_	_	_
_	_	[chota]	_	_	_	_	_
_	_	[washa]	_	_	_	_	_
_	_	[tahayari]	_	_	_	_	_
_	_	[komboa]	_	_	_	_	_
_	_	[kanuka]	_	_	_	_	_
_	_	[hoji]	_	_	_	_	_
_	_	[dhibiti]	_	_	_	_	_
_	_	[burudi]	_	_	_	_	_
_	_	[shiba]	_	_	_	_	_
_	_	[rea]	_	_	_	_	_
_	_	[nywa]	_	_	_	_	_
_	_	[lewa]	_	_	_	_	_
_	_	[elea]	_	_	_	_	_
_	_	[agiza]	_	_	_	_	_
_	_	[kwama]	_	_	_	_	_
_	_	[chafua]	_	_	_	_	_
_	_	[amru]	_	_	_	_	_
_	_	[aibika]	_	_	_	_	_
_	_	[telemka]	_	_	_	_	_
_	_	TAM=COND:ngeli	_	_	_	_	_
_	_	[ogelea]	_	_	_	_	_
_	_	[fufua]	_	_	_	_	_
_	_	[dhamini]	_	_	_	_	_
_	_	[chocha]	_	_	_	_	_
_	_	[pea]	_	_	_	_	_
_	_	[sinzia]	_	_	_	_	_
_	_	REL-PREF=18-SG	_	_	_	_	_
_	_	[laza]	_	_	_	_	_
_	_	[komaa]	_	_	_	_	_
_	_	[shitua]	_	_	_	_	_
_	_	[meza]	_	_	_	_	_
_	_	[kera]	_	_	_	_	_
_	_	[idhini]	_	_	_	_	_
_	_	[hudumu]	_	_	_	_	_
_	_	[ashiria]	_	_	_	_	_
_	_	[alika]	_	_	_	_	_
_	_	[zonga]	_	_	_	_	_
_	_	[oza]	_	_	_	_	_
_	_	LOC	_	_	_	_	_
_	_	[boreka]	_	_	_	_	_
_	_	[tumaini]	_	_	_	_	_
_	_	[mimina]	_	_	_	_	_
_	_	[kidhi]	_	_	_	_	_
_	_	[hizi]	_	_	_	_	_
_	_	[fifia]	_	_	_	_	_
_	_	[winda]	_	_	_	_	_
_	_	TAM=COND:japo	_	_	_	_	_
_	_	[nyesha]	_	_	_	_	_
_	_	[kawia]	_	_	_	_	_
_	_	[chemka]	_	_	_	_	_
_	_	[tafiti]	_	_	_	_	_
_	_	[saga]	_	_	_	_	_
_	_	[otea]	_	_	_	_	_
_	_	[kita]	_	_	_	_	_
_	_	16-SG-OBJ	_	_	_	_	_
_	_	[tofautika]	_	_	_	_	_
_	_	[poa]	_	_	_	_	_
_	_	[pisha]	_	_	_	_	_
_	_	[futu]	_	_	_	_	_
_	_	[hukumu]	_	_	_	_	_
_	_	[fichua]	_	_	_	_	_
_	_	COND-COLLOQ:kesha	_	_	_	_	_
_	_	[zingira]	_	_	_	_	_
_	_	[fedhehe]	_	_	_	_	_
_	_	[durusu]	_	_	_	_	_
_	_	[zuru]	_	_	_	_	_
_	_	**POS-CLB	_	_	_	_	_
_	_	[fua]	_	_	_	_	_
_	_	[fanyiza]	_	_	_	_	_
_	_	[starehe]	_	_	_	_	_
_	_	[pitiwa]	_	_	_	_	_
_	_	[minya]	_	_	_	_	_
_	_	[laani]	_	_	_	_	_
_	_	[funua]	_	_	_	_	_
_	_	[zatiti]	_	_	_	_	_
_	_	[umiza]	_	_	_	_	_
_	_	[udhi]	_	_	_	_	_
_	_	[tawanya]	_	_	_	_	_
_	_	[ng'oa]	_	_	_	_	_
_	_	[tosa]	_	_	_	_	_
_	_	[tafunatafuna]	_	_	_	_	_
_	_	[selelea]	_	_	_	_	_
_	_	[kanyaga]	_	_	_	_	_
_	_	[bimba]	_	_	_	_	_
_	_	[zika]	_	_	_	_	_
_	_	[vinya]	_	_	_	_	_
_	_	[tambaa]	_	_	_	_	_
_	_	[tajirika]	_	_	_	_	_
_	_	[tahadhari]	_	_	_	_	_
_	_	[nyanyasa]	_	_	_	_	_
_	_	[bigija]	_	_	_	_	_
_	_	[bembeleza]	_	_	_	_	_
_	_	3/10-PL	_	_	_	_	_
_	_	[zini]	_	_	_	_	_
_	_	[nyima]	_	_	_	_	_
_	_	[nuka]	_	_	_	_	_
_	_	[kana]	_	_	_	_	_
_	_	[babaika]	_	_	_	_	_
_	_	[fariji]	_	_	_	_	_
_	_	[bomoa]	_	_	_	_	_
_	_	[bisha]	_	_	_	_	_
_	_	[vama]	_	_	_	_	_
_	_	[pasua]	_	_	_	_	_
_	_	[amkia]	_	_	_	_	_
_	_	17-LOC	_	_	_	_	_
_	_	[salia]	_	_	_	_	_
_	_	[kasiri]	_	_	_	_	_
_	_	[jumuika]	_	_	_	_	_
_	_	[orodheka]	_	_	_	_	_
_	_	[okota]	_	_	_	_	_
_	_	[nguruma]	_	_	_	_	_
_	_	[jalia]	_	_	_	_	_
_	_	[fuatilia]	_	_	_	_	_
_	_	[bahati]	_	_	_	_	_
_	_	[adhibu]	_	_	_	_	_
_	_	[tangulia]	_	_	_	_	_
_	_	[ng'aa]	_	_	_	_	_
_	_	[epua]	_	_	_	_	_
_	_	[afiki]	_	_	_	_	_
_	_	[achilia]	_	_	_	_	_
_	_	[susa]	_	_	_	_	_
_	_	[hitilafiana]	_	_	_	_	_
_	_	[hariri]	_	_	_	_	_
_	_	[via]	_	_	_	_	_
_	_	[ungua]	_	_	_	_	_
_	_	[tosheka]	_	_	_	_	_
_	_	[puuza]	_	_	_	_	_
_	_	[paa]	_	_	_	_	_
_	_	[nawiri]	_	_	_	_	_
_	_	[hutubu]	_	_	_	_	_
_	_	[harakika]	_	_	_	_	_
_	_	[zagaa]	_	_	_	_	_
_	_	[tega]	_	_	_	_	_
_	_	[tabiri]	_	_	_	_	_
_	_	[rudirudi]	_	_	_	_	_
_	_	[nukuu]	_	_	_	_	_
_	_	[mea]	_	_	_	_	_
_	_	[jivuna]	_	_	_	_	_
_	_	[gharamu]	_	_	_	_	_
_	_	[sisimua]	_	_	_	_	_
_	_	[pevua]	_	_	_	_	_
_	_	[hofu]	_	_	_	_	_
_	_	[bali]	_	_	_	_	_
_	_	[oga]	_	_	_	_	_
_	_	[kokota]	_	_	_	_	_
_	_	[ganda]	_	_	_	_	_
_	_	[vuruga]	_	_	_	_	_
_	_	[stua]	_	_	_	_	_
_	_	[ponya]	_	_	_	_	_
_	_	[nyang'anya]	_	_	_	_	_
_	_	[lipua]	_	_	_	_	_
_	_	[fupika]	_	_	_	_	_
_	_	[chega]	_	_	_	_	_
_	_	[abudu]	_	_	_	_	_
_	_	[kohoa]	_	_	_	_	_
_	_	[chipua]	_	_	_	_	_
_	_	[changamka]	_	_	_	_	_
_	_	[wadia]	_	_	_	_	_
_	_	[twanga]	_	_	_	_	_
_	_	[sali]	_	_	_	_	_
_	_	[staladhi]	_	_	_	_	_
_	_	[osha]	_	_	_	_	_
_	_	[kodi]	_	_	_	_	_
_	_	[kadiri]	_	_	_	_	_
_	_	[fura]	_	_	_	_	_
_	_	[amuru]	_	_	_	_	_
_	_	}	_	_	_	_	_
_	_	[wajibika]	_	_	_	_	_
_	_	[tongoa]	_	_	_	_	_
_	_	[tamba]	_	_	_	_	_
_	_	[saliti]	_	_	_	_	_
_	_	[saili]	_	_	_	_	_
_	_	[pukuta]	_	_	_	_	_
_	_	[pinda]	_	_	_	_	_
_	_	[onelea]	_	_	_	_	_
_	_	[koga]	_	_	_	_	_
_	_	[hujumu]	_	_	_	_	_
_	_	[halalika]	_	_	_	_	_
_	_	[chomoa]	_	_	_	_	_
_	_	[angaza]	_	_	_	_	_
_	_	[shua]	_	_	_	_	_
_	_	[shikamana]	_	_	_	_	_
_	_	[kacha]	_	_	_	_	_
_	_	[banda]	_	_	_	_	_
_	_	[peta]	_	_	_	_	_
_	_	[ng'ang'ania]	_	_	_	_	_
_	_	[lipiza]	_	_	_	_	_
_	_	[legea]	_	_	_	_	_
_	_	[kosoa]	_	_	_	_	_
_	_	[kandamiza]	_	_	_	_	_
_	_	[juta]	_	_	_	_	_
_	_	[chuja]	_	_	_	_	_
_	_	[ugua]	_	_	_	_	_
_	_	[kiuka]	_	_	_	_	_
_	_	[jigamba]	_	_	_	_	_
_	_	[jami]	_	_	_	_	_
_	_	[hubiri]	_	_	_	_	_
_	_	[akua]	_	_	_	_	_
_	_	[vuja]	_	_	_	_	_
_	_	[sawazika]	_	_	_	_	_
_	_	[menya]	_	_	_	_	_
_	_	[kwepa]	_	_	_	_	_
_	_	[gharimu]	_	_	_	_	_
_	_	EQUAL-MARK	_	_	_	_	_
_	_	[tuhumu]	_	_	_	_	_
_	_	TAM=FUT	_	_	_	_	_
_	_	[pasha]	_	_	_	_	_
_	_	[kakata]	_	_	_	_	_
_	_	[hadithi]	_	_	_	_	_
_	_	[fuga]	_	_	_	_	_
_	_	[dunda]	_	_	_	_	_
_	_	[dadisi]	_	_	_	_	_
_	_	[ajabia]	_	_	_	_	_
_	_	[wika]	_	_	_	_	_
_	_	TAM=PAST:lisha	_	_	_	_	_
_	_	[tafuna]	_	_	_	_	_
_	_	[tafadhali]	_	_	_	_	_
_	_	[pepa]	_	_	_	_	_
_	_	[lemaa]	_	_	_	_	_
_	_	[iva]	_	_	_	_	_
_	_	[himili]	_	_	_	_	_
_	_	[gea]	_	_	_	_	_
_	_	[angama]	_	_	_	_	_
_	_	[tatanika]	_	_	_	_	_
_	_	[sokota]	_	_	_	_	_
_	_	[shtaki]	_	_	_	_	_
_	_	[sakama]	_	_	_	_	_
_	_	[pumbaa]	_	_	_	_	_
_	_	[pindua]	_	_	_	_	_
_	_	[nung'unika]	_	_	_	_	_
_	_	[kisi]	_	_	_	_	_
_	_	[enzi]	_	_	_	_	_
_	_	[chelea]	_	_	_	_	_
_	_	[yeyuka]	_	_	_	_	_
_	_	[tizama]	_	_	_	_	_
_	_	[tanabahi]	_	_	_	_	_
_	_	[staafu]	_	_	_	_	_
_	_	[nuna]	_	_	_	_	_
_	_	[lumba]	_	_	_	_	_
_	_	[konda]	_	_	_	_	_
_	_	[kithiri]	_	_	_	_	_
_	_	[ezeka]	_	_	_	_	_
_	_	[daka]	_	_	_	_	_
_	_	[chana]	_	_	_	_	_
_	_	[zurura]	_	_	_	_	_
_	_	[yumba]	_	_	_	_	_
_	_	[vumbua]	_	_	_	_	_
_	_	TENSE=PAST	_	_	_	_	_
_	_	[shutumu]	_	_	_	_	_
_	_	[sawiri]	_	_	_	_	_
_	_	[ratibu]	_	_	_	_	_
_	_	[puuka]	_	_	_	_	_
_	_	[nyooa]	_	_	_	_	_
_	_	[nong'oneza]	_	_	_	_	_
_	_	[wacha]	_	_	_	_	_
_	_	[tatiza]	_	_	_	_	_
_	_	[shamiri]	_	_	_	_	_
_	_	[ripoti]	_	_	_	_	_
_	_	[nukulu]	_	_	_	_	_
_	_	[nakiri]	_	_	_	_	_
_	_	[limbikiza]	_	_	_	_	_
_	_	[aini]	_	_	_	_	_
_	_	[tuza]	_	_	_	_	_
_	_	[shitaki]	_	_	_	_	_
_	_	[shabihi]	_	_	_	_	_
_	_	[pambazua]	_	_	_	_	_
_	_	[jibizana]	_	_	_	_	_
_	_	[fikri]	_	_	_	_	_
_	_	[adi]	_	_	_	_	_
_	_	2-PL2	_	_	_	_	_
_	_	[ungama]	_	_	_	_	_
_	_	[tanua]	_	_	_	_	_
_	_	[nusa]	_	_	_	_	_
_	_	[kemea]	_	_	_	_	_
_	_	[hurumia]	_	_	_	_	_
_	_	[guna]	_	_	_	_	_
_	_	[twika]	_	_	_	_	_
_	_	[tema]	_	_	_	_	_
_	_	[saka]	_	_	_	_	_
_	_	[pangusa]	_	_	_	_	_
_	_	[kwea]	_	_	_	_	_
_	_	[kunjua]	_	_	_	_	_
_	_	[kanganya]	_	_	_	_	_
_	_	[fuzu]	_	_	_	_	_
_	_	[fadhaika]	_	_	_	_	_
_	_	[batili]	_	_	_	_	_
_	_	[asi]	_	_	_	_	_
_	_	[ania]	_	_	_	_	_
_	_	[zinga]	_	_	_	_	_
_	_	[tona]	_	_	_	_	_
_	_	[pekua]	_	_	_	_	_
_	_	[dhalilika]	_	_	_	_	_
_	_	[chakua]	_	_	_	_	_
_	_	[vimba]	_	_	_	_	_
_	_	[tumbuiza]	_	_	_	_	_
_	_	[shuku]	_	_	_	_	_
_	_	[poromoa]	_	_	_	_	_
_	_	[pachika]	_	_	_	_	_
_	_	[ombolea]	_	_	_	_	_
_	_	[lema]	_	_	_	_	_
_	_	[kebehi]	_	_	_	_	_
_	_	[gandamiza]	_	_	_	_	_
_	_	[diriki]	_	_	_	_	_
_	_	[chokoa]	_	_	_	_	_
_	_	TAM=PERF:sha	_	_	_	_	_
_	_	TAM=FUT:to	_	_	_	_	_
_	_	[ringa]	_	_	_	_	_
_	_	[oanika]	_	_	_	_	_
_	_	[kaba]	_	_	_	_	_
_	_	[hatarika]	_	_	_	_	_
_	_	[umbua]	_	_	_	_	_
_	_	[tukuza]	_	_	_	_	_
_	_	[tukana]	_	_	_	_	_
_	_	[sugua]	_	_	_	_	_
_	_	[saa]	_	_	_	_	_
_	_	[pitapita]	_	_	_	_	_
_	_	[nyemelea]	_	_	_	_	_
_	_	[nakili]	_	_	_	_	_
_	_	[kodoa]	_	_	_	_	_
_	_	[katua]	_	_	_	_	_
_	_	[hadaa]	_	_	_	_	_
_	_	[fyeka]	_	_	_	_	_
_	_	[fululiza]	_	_	_	_	_
_	_	[atika]	_	_	_	_	_
_	_	[ahirika]	_	_	_	_	_
_	_	[wia]	_	_	_	_	_
_	_	[tota]	_	_	_	_	_
_	_	[timia]	_	_	_	_	_
_	_	[teketea]	_	_	_	_	_
_	_	[tathmini]	_	_	_	_	_
_	_	[sukasuka]	_	_	_	_	_
_	_	[stahimili]	_	_	_	_	_
_	_	[pumua]	_	_	_	_	_
_	_	[pekuapekua]	_	_	_	_	_
_	_	[ng'amua]	_	_	_	_	_
_	_	[meta]	_	_	_	_	_
_	_	[konga]	_	_	_	_	_
_	_	[hadhari]	_	_	_	_	_
_	_	[egema]	_	_	_	_	_
_	_	[didimia]	_	_	_	_	_
_	_	[chimbua]	_	_	_	_	_
_	_	[toboa]	_	_	_	_	_
_	_	[rutubika]	_	_	_	_	_
_	_	[peperuka]	_	_	_	_	_
_	_	[ng'ara]	_	_	_	_	_
_	_	[kuna]	_	_	_	_	_
_	_	[komoa]	_	_	_	_	_
_	_	[kolea]	_	_	_	_	_
_	_	[kirimu]	_	_	_	_	_
_	_	[kaga]	_	_	_	_	_
_	_	[fidi]	_	_	_	_	_
_	_	[tumbukiza]	_	_	_	_	_
_	_	[toma]	_	_	_	_	_
_	_	[teleka]	_	_	_	_	_
_	_	[takasa]	_	_	_	_	_
_	_	SUB-PREF=ARCHAIC-PR-yua	_	_	_	_	_
_	_	[sua]	_	_	_	_	_
_	_	[stahabu]	_	_	_	_	_
_	_	[sonona]	_	_	_	_	_
_	_	[rarua]	_	_	_	_	_
_	_	[ponda]	_	_	_	_	_
_	_	[liwaza]	_	_	_	_	_
_	_	[laki]	_	_	_	_	_
_	_	[hema]	_	_	_	_	_
_	_	[hamasika]	_	_	_	_	_
_	_	[haha]	_	_	_	_	_
_	_	[finyanga]	_	_	_	_	_
_	_	[elemea]	_	_	_	_	_
_	_	[adhimika]	_	_	_	_	_
_	_	[shtua]	_	_	_	_	_
_	_	[sahili]	_	_	_	_	_
_	_	[pwea]	_	_	_	_	_
_	_	[opoa]	_	_	_	_	_
_	_	[nusuru]	_	_	_	_	_
_	_	[nata]	_	_	_	_	_
_	_	-na-	_	_	_	_	_
_	_	[maka]	_	_	_	_	_
_	_	[kanya]	_	_	_	_	_
_	_	[hami]	_	_	_	_	_
_	_	[ghadhibika]	_	_	_	_	_
_	_	[fuka]	_	_	_	_	_
_	_	[fadhili]	_	_	_	_	_
_	_	[apa]	_	_	_	_	_
_	_	[uga]	_	_	_	_	_
_	_	[teleza]	_	_	_	_	_
_	_	[shurutika]	_	_	_	_	_
_	_	[pwaya]	_	_	_	_	_
_	_	PROVERB>>>>	_	_	_	_	_
_	_	PROVERB<>>>	_	_	_	_	_
_	_	PROVERB<<>>	_	_	_	_	_
_	_	PROVERB<<<>	_	_	_	_	_
_	_	<<<<PROVERB	_	_	_	_	_
_	_	[nong'ona]	_	_	_	_	_
_	_	IMP-PL2	_	_	_	_	_
_	_	[gutua]	_	_	_	_	_
_	_	[filisi]	_	_	_	_	_
_	_	[chakaa]	_	_	_	_	_
_	_	[agua]	_	_	_	_	_
_	_	[tapika]	_	_	_	_	_
_	_	[tapakaa]	_	_	_	_	_
_	_	STOP	_	_	_	_	_
_	_	[shindilia]	_	_	_	_	_
_	_	[remba]	_	_	_	_	_
_	_	[kinai]	_	_	_	_	_
_	_	[hui]	_	_	_	_	_
_	_	[fagia]	_	_	_	_	_
_	_	be	_	_	_	_	_
_	_	]	_	_	_	_	_
_	_	[	_	_	_	_	_
_	_	[zoma]	_	_	_	_	_
_	_	[tunda]	_	_	_	_	_
_	_	[tinga]	_	_	_	_	_
_	_	[timu]	_	_	_	_	_
_	_	[tetereka]	_	_	_	_	_
_	_	[suta]	_	_	_	_	_
_	_	PROVERB>>>	_	_	_	_	_
_	_	PROVERB<>>	_	_	_	_	_
_	_	PROVERB<<>	_	_	_	_	_
_	_	<<<PROVERB	_	_	_	_	_
_	_	[posa]	_	_	_	_	_
_	_	[noa]	_	_	_	_	_
_	_	[kai]	_	_	_	_	_
_	_	[jitapa]	_	_	_	_	_
_	_	[jeruhi]	_	_	_	_	_
_	_	[finga]	_	_	_	_	_
_	_	[charaza]	_	_	_	_	_
_	_	[teremka]	_	_	_	_	_
_	_	[tanguliza]	_	_	_	_	_
_	_	[sihi]	_	_	_	_	_
_	_	[sarifu]	_	_	_	_	_
_	_	[kopesa]	_	_	_	_	_
_	_	[katakata]	_	_	_	_	_
_	_	[kanda]	_	_	_	_	_
_	_	[guguna]	_	_	_	_	_
_	_	[ghairi]	_	_	_	_	_
_	_	[foka]	_	_	_	_	_
_	_	COND-COLLOQ:kisha	_	_	_	_	_
_	_	[chanja]	_	_	_	_	_
_	_	[buruta]	_	_	_	_	_
_	_	[tungua]	_	_	_	_	_
_	_	[sindikiza]	_	_	_	_	_
_	_	[simika]	_	_	_	_	_
_	_	[setiri]	_	_	_	_	_
_	_	[sanii]	_	_	_	_	_
_	_	[nona]	_	_	_	_	_
_	_	[landa]	_	_	_	_	_
_	_	[kereza]	_	_	_	_	_
_	_	[hima]	_	_	_	_	_
_	_	[fyatua]	_	_	_	_	_
_	_	[fuja]	_	_	_	_	_
_	_	[chonga]	_	_	_	_	_
_	_	[bweka]	_	_	_	_	_
_	_	[bwaga]	_	_	_	_	_
_	_	[ambaa]	_	_	_	_	_
_	_	[agia]	_	_	_	_	_
_	_	[yumbayumba]	_	_	_	_	_
_	_	[wania]	_	_	_	_	_
_	_	[usia]	_	_	_	_	_
_	_	[tukia]	_	_	_	_	_
_	_	[staarabika]	_	_	_	_	_
_	_	[simanga]	_	_	_	_	_
_	_	[punja]	_	_	_	_	_
_	_	[puliza]	_	_	_	_	_
_	_	[penyeza]	_	_	_	_	_
_	_	[nyambua]	_	_	_	_	_
_	_	[jongea]	_	_	_	_	_
_	_	[huzunika]	_	_	_	_	_
_	_	[gubika]	_	_	_	_	_
_	_	[garagara]	_	_	_	_	_
_	_	[epa]	_	_	_	_	_
_	_	[donoa]	_	_	_	_	_
_	_	[bubujika]	_	_	_	_	_
_	_	[bari]	_	_	_	_	_
_	_	[ambukiza]	_	_	_	_	_
_	_	[yoyoma]	_	_	_	_	_
_	_	[tweka]	_	_	_	_	_
_	_	[timua]	_	_	_	_	_
_	_	[tapia]	_	_	_	_	_
_	_	[tania]	_	_	_	_	_
_	_	[tahini]	_	_	_	_	_
_	_	[sherehekea]	_	_	_	_	_
_	_	[pwa]	_	_	_	_	_
_	_	PROVERB>>	_	_	_	_	_
_	_	PROVERB<>	_	_	_	_	_
_	_	<<PROVERB	_	_	_	_	_
_	_	[papasa]	_	_	_	_	_
_	_	[pania]	_	_	_	_	_
_	_	[nyauka]	_	_	_	_	_
_	_	[nadi]	_	_	_	_	_
_	_	[koroma]	_	_	_	_	_
_	_	[kopoa]	_	_	_	_	_
_	_	[hiari]	_	_	_	_	_
_	_	[fisidi]	_	_	_	_	_
_	_	[fasili]	_	_	_	_	_
_	_	[dhiki]	_	_	_	_	_
_	_	[chujua]	_	_	_	_	_
_	_	[bandua]	_	_	_	_	_
_	_	[babua]	_	_	_	_	_
_	_	[aka]	_	_	_	_	_
_	_	[wamba]	_	_	_	_	_
_	_	[tokomea]	_	_	_	_	_
_	_	[tawaza]	_	_	_	_	_
_	_	[tahiri]	_	_	_	_	_
_	_	[regea]	_	_	_	_	_
_	_	[pua]	_	_	_	_	_
_	_	PREP/ADV	_	_	_	_	_
_	_	[pepesa]	_	_	_	_	_
_	_	[linganua]	_	_	_	_	_
_	_	[lamba]	_	_	_	_	_
_	_	[kunyata]	_	_	_	_	_
_	_	[katiza]	_	_	_	_	_
_	_	[kaanga]	_	_	_	_	_
_	_	[idilika]	_	_	_	_	_
_	_	[eka]	_	_	_	_	_
_	_	[egemeza]	_	_	_	_	_
_	_	[duwaa]	_	_	_	_	_
_	_	[dhamiria]	_	_	_	_	_
_	_	[chechemea]	_	_	_	_	_
_	_	[binafsika]	_	_	_	_	_
_	_	[bashiri]	_	_	_	_	_
_	_	[bariki]	_	_	_	_	_
_	_	16-PL	_	_	_	_	_
_	_	[ukilia]	_	_	_	_	_
_	_	[suluhika]	_	_	_	_	_
_	_	[somba]	_	_	_	_	_
_	_	[sibu]	_	_	_	_	_
_	_	[shadidi]	_	_	_	_	_
_	_	[saini]	_	_	_	_	_
_	_	[randa]	_	_	_	_	_
_	_	[pora]	_	_	_	_	_
_	_	[nyunyiza]	_	_	_	_	_
_	_	[nyakua]	_	_	_	_	_
_	_	[nasibu]	_	_	_	_	_
_	_	[mulika]	_	_	_	_	_
_	_	[koka]	_	_	_	_	_
_	_	[husudu]	_	_	_	_	_
_	_	[hodhi]	_	_	_	_	_
_	_	[ganga]	_	_	_	_	_
_	_	[chwa]	_	_	_	_	_
_	_	[chagiza]	_	_	_	_	_
_	_	[bura]	_	_	_	_	_
_	_	[anua]	_	_	_	_	_
_	_	[ambua]	_	_	_	_	_
_	_	[alia]	_	_	_	_	_
_	_	10-PL-REL	_	_	_	_	_
_	_	[zimua]	_	_	_	_	_
_	_	[viringa]	_	_	_	_	_
_	_	[tunuku]	_	_	_	_	_
_	_	[tomasa]	_	_	_	_	_
_	_	[tibua]	_	_	_	_	_
_	_	TAM=PAST-NEG:kw	_	_	_	_	_
_	_	[sisimka]	_	_	_	_	_
_	_	[shangiria]	_	_	_	_	_
_	_	[rehemu]	_	_	_	_	_
_	_	[pembeza]	_	_	_	_	_
_	_	[pandikiza]	_	_	_	_	_
_	_	[pambua]	_	_	_	_	_
_	_	[paaza]	_	_	_	_	_
_	_	[ombaomba]	_	_	_	_	_
_	_	[nyonga]	_	_	_	_	_
_	_	[lengalenga]	_	_	_	_	_
_	_	[koroga]	_	_	_	_	_
_	_	[goma]	_	_	_	_	_
_	_	[dengua]	_	_	_	_	_
_	_	[dekeza]	_	_	_	_	_
_	_	[beza]	_	_	_	_	_
_	_	[yumkini]	_	_	_	_	_
_	_	[vanga]	_	_	_	_	_
_	_	[tawakali]	_	_	_	_	_
_	_	[tawa]	_	_	_	_	_
_	_	[tapatapa]	_	_	_	_	_
_	_	[tangua]	_	_	_	_	_
_	_	TAM=PERF:meisha	_	_	_	_	_
_	_	[tahamaki]	_	_	_	_	_
_	_	[sitiri]	_	_	_	_	_
_	_	[singizia]	_	_	_	_	_
_	_	[sina]	_	_	_	_	_
_	_	[sakafu]	_	_	_	_	_
_	_	[sabili]	_	_	_	_	_
_	_	RIGHT-ANGLEBRACKET	_	_	_	_	_
_	_	[pooza]	_	_	_	_	_
_	_	[pigapiga]	_	_	_	_	_
_	_	[nenepa]	_	_	_	_	_
_	_	[lika]	_	_	_	_	_
_	_	[lainika]	_	_	_	_	_
_	_	[kutanika]	_	_	_	_	_
_	_	[konyeza]	_	_	_	_	_
_	_	[kinza]	_	_	_	_	_
_	_	[hadhiri]	_	_	_	_	_
_	_	[dira]	_	_	_	_	_
_	_	[charuka]	_	_	_	_	_
_	_	[busu]	_	_	_	_	_
_	_	[adibu]	_	_	_	_	_
_	_	[tubu]	_	_	_	_	_
_	_	[tokatoka]	_	_	_	_	_
_	_	[tengua]	_	_	_	_	_
_	_	[tambika]	_	_	_	_	_
_	_	[sota]	_	_	_	_	_
_	_	[siri]	_	_	_	_	_
_	_	[sajili]	_	_	_	_	_
_	_	PERCENT-MARK	_	_	_	_	_
_	_	[parama]	_	_	_	_	_
_	_	NARR-COLLOQ:ka-a	_	_	_	_	_
_	_	[lowa]	_	_	_	_	_
_	_	[koza]	_	_	_	_	_
_	_	[kejeli]	_	_	_	_	_
_	_	[karipia]	_	_	_	_	_
_	_	[karabati]	_	_	_	_	_
_	_	[jumlika]	_	_	_	_	_
_	_	[hanikiza]	_	_	_	_	_
_	_	[dhoofu]	_	_	_	_	_
_	_	[dhihaki]	_	_	_	_	_
_	_	[chonota]	_	_	_	_	_
_	_	[chacha]	_	_	_	_	_
_	_	[burura]	_	_	_	_	_
_	_	[beua]	_	_	_	_	_
_	_	[bagua]	_	_	_	_	_
_	_	[anika]	_	_	_	_	_
_	_	[adimika]	_	_	_	_	_
_	_	2-PL-SUB-REL	_	_	_	_	_
_	_	[yakini]	_	_	_	_	_
_	_	[waka]	_	_	_	_	_
_	_	[vunjavunja]	_	_	_	_	_
_	_	[tweta]	_	_	_	_	_
_	_	[tembeatembea]	_	_	_	_	_
_	_	[tasa]	_	_	_	_	_
_	_	[tanga]	_	_	_	_	_
_	_	[siga]	_	_	_	_	_
_	_	[shindikiza]	_	_	_	_	_
_	_	[shikiza]	_	_	_	_	_
_	_	[rishai]	_	_	_	_	_
_	_	[rambaza]	_	_	_	_	_
_	_	[ramba]	_	_	_	_	_
_	_	[paza]	_	_	_	_	_
_	_	[pasi]	_	_	_	_	_
_	_	[palilia]	_	_	_	_	_
_	_	[nawa]	_	_	_	_	_
_	_	[nasihi]	_	_	_	_	_
_	_	[mwaya]	_	_	_	_	_
_	_	[kwaa]	_	_	_	_	_
_	_	[kung'uta]	_	_	_	_	_
_	_	[kuda]	_	_	_	_	_
_	_	[kifu]	_	_	_	_	_
_	_	[kesha]	_	_	_	_	_
_	_	[iza]	_	_	_	_	_
_	_	[himu]	_	_	_	_	_
_	_	[hamaki]	_	_	_	_	_
_	_	[gwaya]	_	_	_	_	_
_	_	[fifilika]	_	_	_	_	_
_	_	DOLLAR-SIGN	_	_	_	_	_
_	_	[chovya]	_	_	_	_	_
_	_	[changamana]	_	_	_	_	_
_	_	[bitua]	_	_	_	_	_
_	_	[zeeka]	_	_	_	_	_
_	_	[wekeza]	_	_	_	_	_
_	_	[vunga]	_	_	_	_	_
_	_	[vota]	_	_	_	_	_
_	_	[tukuka]	_	_	_	_	_
_	_	[tamakani]	_	_	_	_	_
_	_	[taharaki]	_	_	_	_	_
_	_	[taalamu]	_	_	_	_	_
_	_	[sakifu]	_	_	_	_	_
_	_	[ponza]	_	_	_	_	_
_	_	[nesa]	_	_	_	_	_
_	_	[momonyoa]	_	_	_	_	_
_	_	[kutua]	_	_	_	_	_
_	_	[kojoa]	_	_	_	_	_
_	_	[kalifu]	_	_	_	_	_
_	_	[haini]	_	_	_	_	_
_	_	[gotea]	_	_	_	_	_
_	_	[ghariki]	_	_	_	_	_
_	_	[gaia]	_	_	_	_	_
_	_	[fukiza]	_	_	_	_	_
_	_	[enenda]	_	_	_	_	_
_	_	[dakiza]	_	_	_	_	_
_	_	[chua]	_	_	_	_	_
_	_	[chopoa]	_	_	_	_	_
_	_	[chekela]	_	_	_	_	_
_	_	[chamba]	_	_	_	_	_
_	_	[buruza]	_	_	_	_	_
_	_	[aridhi]	_	_	_	_	_
_	_	[ambiza]	_	_	_	_	_
_	_	[zuga]	_	_	_	_	_
_	_	[uzulu]	_	_	_	_	_
_	_	[tutumua]	_	_	_	_	_
_	_	[tinda]	_	_	_	_	_
_	_	TAM=COND-NEG:singeli	_	_	_	_	_
_	_	[taifika]	_	_	_	_	_
_	_	SUB-PREF=PL2	_	_	_	_	_
_	_	PROVERB>	_	_	_	_	_
_	_	<PROVERB	_	_	_	_	_
_	_	[pondaponda]	_	_	_	_	_
_	_	[pokonya]	_	_	_	_	_
_	_	[peleleza]	_	_	_	_	_
_	_	[papatua]	_	_	_	_	_
_	_	[nyata]	_	_	_	_	_
_	_	[neemiea]	_	_	_	_	_
_	_	[meremeta]	_	_	_	_	_
_	_	[gota]	_	_	_	_	_
_	_	[funganika]	_	_	_	_	_
_	_	[embua]	_	_	_	_	_
_	_	[chopa]	_	_	_	_	_
_	_	[chakura]	_	_	_	_	_
_	_	[buruga]	_	_	_	_	_
_	_	[bingiria]	_	_	_	_	_
_	_	[badilibadili]	_	_	_	_	_
_	_	[adhiri]	_	_	_	_	_
_	_	[tuna]	_	_	_	_	_
_	_	[tokosa]	_	_	_	_	_
_	_	[timka]	_	_	_	_	_
_	_	[takata]	_	_	_	_	_
_	_	[tafautiana]	_	_	_	_	_
_	_	[sabahi]	_	_	_	_	_
_	_	[popotoa]	_	_	_	_	_
_	_	[parara]	_	_	_	_	_
_	_	[nyofoa]	_	_	_	_	_
_	_	[nyamaa]	_	_	_	_	_
_	_	[nakshi]	_	_	_	_	_
_	_	[najisi]	_	_	_	_	_
_	_	[maizi]	_	_	_	_	_
_	_	[lega]	_	_	_	_	_
_	_	[kwatua]	_	_	_	_	_
_	_	[kwaruza]	_	_	_	_	_
_	_	[kwangua]	_	_	_	_	_
_	_	[kupia]	_	_	_	_	_
_	_	[kengeua]	_	_	_	_	_
_	_	[honga]	_	_	_	_	_
_	_	[hini]	_	_	_	_	_
_	_	[hemka]	_	_	_	_	_
_	_	[gongagonga]	_	_	_	_	_
_	_	[gomboa]	_	_	_	_	_
_	_	[ghuri]	_	_	_	_	_
_	_	[furukuta]	_	_	_	_	_
_	_	[fumka]	_	_	_	_	_
_	_	[faragua]	_	_	_	_	_
_	_	[enza]	_	_	_	_	_
_	_	[eleka]	_	_	_	_	_
_	_	[dumaa]	_	_	_	_	_
_	_	[dara]	_	_	_	_	_
_	_	[chuchumaa]	_	_	_	_	_
_	_	[chezacheza]	_	_	_	_	_
_	_	[chaga]	_	_	_	_	_
_	_	[chachafya]	_	_	_	_	_
_	_	[buta]	_	_	_	_	_
_	_	[balehe]	_	_	_	_	_
_	_	[asisi]	_	_	_	_	_
_	_	[zuzua]	_	_	_	_	_
_	_	[zoza]	_	_	_	_	_
_	_	[zoa]	_	_	_	_	_
_	_	[zabuni]	_	_	_	_	_
_	_	[tutumka]	_	_	_	_	_
_	_	[tumai]	_	_	_	_	_
_	_	[tendesa]	_	_	_	_	_
_	_	[tangamana]	_	_	_	_	_
_	_	[taghafali]	_	_	_	_	_
_	_	[sumu]	_	_	_	_	_
_	_	[soza]	_	_	_	_	_
_	_	[sitasita]	_	_	_	_	_
_	_	[sikua]	_	_	_	_	_
_	_	[shikashika]	_	_	_	_	_
_	_	[rasha]	_	_	_	_	_
_	_	[pakua]	_	_	_	_	_
_	_	[ogofya]	_	_	_	_	_
_	_	[nusanusa]	_	_	_	_	_
_	_	[loa]	_	_	_	_	_
_	_	[levya]	_	_	_	_	_
_	_	[laghai]	_	_	_	_	_
_	_	[kingama]	_	_	_	_	_
_	_	[jasiri]	_	_	_	_	_
_	_	[ingiaingia]	_	_	_	_	_
_	_	[himidi]	_	_	_	_	_
_	_	[hatirika]	_	_	_	_	_
_	_	[fyonya]	_	_	_	_	_
_	_	[fukua]	_	_	_	_	_
_	_	[fitini]	_	_	_	_	_
_	_	[finya]	_	_	_	_	_
_	_	[dodosa]	_	_	_	_	_
_	_	DER:i	_	_	_	_	_
_	_	[chupa]	_	_	_	_	_
_	_	[bata]	_	_	_	_	_
_	_	[barizi]	_	_	_	_	_
_	_	[abiri]	_	_	_	_	_
_	_	[zingua]	_	_	_	_	_
_	_	[wayawaya]	_	_	_	_	_
_	_	[wasa]	_	_	_	_	_
_	_	[vinjari]	_	_	_	_	_
_	_	[umua]	_	_	_	_	_
_	_	[topea]	_	_	_	_	_
_	_	[tegua]	_	_	_	_	_
_	_	[tangatanga]	_	_	_	_	_
_	_	[tafutatafuta]	_	_	_	_	_
_	_	[swaga]	_	_	_	_	_
_	_	[stahiki]	_	_	_	_	_
_	_	[staharaki]	_	_	_	_	_
_	_	[sona]	_	_	_	_	_
_	_	[singa]	_	_	_	_	_
_	_	[shupaa]	_	_	_	_	_
_	_	[shitadi]	_	_	_	_	_
_	_	[sheheneza]	_	_	_	_	_
_	_	[semeza]	_	_	_	_	_
_	_	[roga]	_	_	_	_	_
_	_	[rai]	_	_	_	_	_
_	_	[pwelea]	_	_	_	_	_
_	_	[purukuka]	_	_	_	_	_
_	_	[pofua]	_	_	_	_	_
_	_	[pekecha]	_	_	_	_	_
_	_	[payuka]	_	_	_	_	_
_	_	[patiliza]	_	_	_	_	_
_	_	[nyonyoa]	_	_	_	_	_
_	_	[nyong'onya]	_	_	_	_	_
_	_	[nyenyekea]	_	_	_	_	_
_	_	[noga]	_	_	_	_	_
_	_	[mega]	_	_	_	_	_
_	_	[loga]	_	_	_	_	_
_	_	[kubuhu]	_	_	_	_	_
_	_	[kosha]	_	_	_	_	_
_	_	[komba]	_	_	_	_	_
_	_	[kirihi]	_	_	_	_	_
_	_	[kenua]	_	_	_	_	_
_	_	[kaidi]	_	_	_	_	_
_	_	[jiuzulu]	_	_	_	_	_
_	_	[jilisi]	_	_	_	_	_
_	_	[huni]	_	_	_	_	_
_	_	[huji]	_	_	_	_	_
_	_	[hozi]	_	_	_	_	_
_	_	[hasiri]	_	_	_	_	_
_	_	[hajiri]	_	_	_	_	_
_	_	[gwia]	_	_	_	_	_
_	_	[guma]	_	_	_	_	_
_	_	[ghilibu]	_	_	_	_	_
_	_	[fyagia]	_	_	_	_	_
_	_	[fungaka]	_	_	_	_	_
_	_	[fumbata]	_	_	_	_	_
_	_	[fichama]	_	_	_	_	_
_	_	[engaenga]	_	_	_	_	_
_	_	[eleleza]	_	_	_	_	_
_	_	[duru]	_	_	_	_	_
_	_	[dundadunda]	_	_	_	_	_
_	_	[dhili]	_	_	_	_	_
_	_	[bwata]	_	_	_	_	_
_	_	[bugia]	_	_	_	_	_
_	_	[zorota]	_	_	_	_	_
_	_	[tukuta]	_	_	_	_	_
_	_	[tonga]	_	_	_	_	_
_	_	[tokota]	_	_	_	_	_
_	_	[telekeza]	_	_	_	_	_
_	_	[tekenya]	_	_	_	_	_
_	_	[tamalaki]	_	_	_	_	_
_	_	[tafaraji]	_	_	_	_	_
_	_	[tabahari]	_	_	_	_	_
_	_	[taadhimu]	_	_	_	_	_
_	_	[taabika]	_	_	_	_	_
_	_	[sura]	_	_	_	_	_
_	_	[sulu]	_	_	_	_	_
_	_	[sujudu]	_	_	_	_	_
_	_	SUB-PREF=NEG-SG1	_	_	_	_	_
_	_	[sinasina]	_	_	_	_	_
_	_	[sharabu]	_	_	_	_	_
_	_	[seta]	_	_	_	_	_
_	_	[sanidi]	_	_	_	_	_
_	_	[runda]	_	_	_	_	_
_	_	PLUS-SIGN	_	_	_	_	_
_	_	[pingua]	_	_	_	_	_
_	_	[papatika]	_	_	_	_	_
_	_	[lunda]	_	_	_	_	_
_	_	[kupua]	_	_	_	_	_
_	_	[kufuru]	_	_	_	_	_
_	_	[kongoja]	_	_	_	_	_
_	_	[kongoa]	_	_	_	_	_
_	_	[koa]	_	_	_	_	_
_	_	[kimwa]	_	_	_	_	_
_	_	[kaukiana]	_	_	_	_	_
_	_	[karidhi]	_	_	_	_	_
_	_	[ika]	_	_	_	_	_
_	_	[haramika]	_	_	_	_	_
_	_	[gwa]	_	_	_	_	_
_	_	[funganya]	_	_	_	_	_
_	_	[fichaficha]	_	_	_	_	_
_	_	[endekeza]	_	_	_	_	_
_	_	[dhii]	_	_	_	_	_
_	_	[chumbia]	_	_	_	_	_
_	_	[chubua]	_	_	_	_	_
_	_	[chanyatia]	_	_	_	_	_
_	_	[bwakura]	_	_	_	_	_
_	_	[bai]	_	_	_	_	_
_	_	[anisi]	_	_	_	_	_
_	_	[andisi]	_	_	_	_	_
_	_	AMPERSAND	_	_	_	_	_
_	_	[yonga]	_	_	_	_	_
_	_	[wawa]	_	_	_	_	_
_	_	[vyaa]	_	_	_	_	_
_	_	[tuta]	_	_	_	_	_
_	_	[tohoa]	_	_	_	_	_
_	_	[titirika]	_	_	_	_	_
_	_	[tapa]	_	_	_	_	_
_	_	[tanzua]	_	_	_	_	_
_	_	TAM=SBJN-CONS	_	_	_	_	_
_	_	[taarifu]	_	_	_	_	_
_	_	[suuza]	_	_	_	_	_
_	_	[sukumiza]	_	_	_	_	_
_	_	[sokotasokota]	_	_	_	_	_
_	_	[shirabu]	_	_	_	_	_
_	_	[sesereka]	_	_	_	_	_
_	_	[rudufu]	_	_	_	_	_
_	_	[ropoka]	_	_	_	_	_
_	_	[rongaronga]	_	_	_	_	_
_	_	REL	_	_	_	_	_
_	_	[refuka]	_	_	_	_	_
_	_	[ratili]	_	_	_	_	_
_	_	[puna]	_	_	_	_	_
_	_	PROVERB>>>>>>	_	_	_	_	_
_	_	PROVERB<>>>>>	_	_	_	_	_
_	_	PROVERB<<>>>>	_	_	_	_	_
_	_	PROVERB<<<>>>	_	_	_	_	_
_	_	PROVERB<<<<>>	_	_	_	_	_
_	_	PROVERB<<<<<>	_	_	_	_	_
_	_	<<<<<<PROVERB	_	_	_	_	_
_	_	[popoa]	_	_	_	_	_
_	_	[parua]	_	_	_	_	_
_	_	[nyinyirika]	_	_	_	_	_
_	_	[nyanyapaa]	_	_	_	_	_
_	_	[mithilika]	_	_	_	_	_
_	_	[lawiti]	_	_	_	_	_
_	_	[kwamua]	_	_	_	_	_
_	_	[kunjama]	_	_	_	_	_
_	_	[kumta]	_	_	_	_	_
_	_	[kandika]	_	_	_	_	_
_	_	[kakamua]	_	_	_	_	_
_	_	[jinaki]	_	_	_	_	_
_	_	[inika]	_	_	_	_	_
_	_	[hara]	_	_	_	_	_
_	_	[ghushi]	_	_	_	_	_
_	_	[ghibu]	_	_	_	_	_
_	_	[ghasi]	_	_	_	_	_
_	_	[gema]	_	_	_	_	_
_	_	[garagaza]	_	_	_	_	_
_	_	[fukarika]	_	_	_	_	_
_	_	[fidhulika]	_	_	_	_	_
_	_	[dokoa]	_	_	_	_	_
_	_	CONSEQ:ka-e	_	_	_	_	_
_	_	[chuchuma]	_	_	_	_	_
_	_	[chapua]	_	_	_	_	_
_	_	[chakata]	_	_	_	_	_
_	_	[chaji]	_	_	_	_	_
_	_	[chachata]	_	_	_	_	_
_	_	[book]	_	_	_	_	_
_	_	[bonyea]	_	_	_	_	_
_	_	[bika]	_	_	_	_	_
_	_	[bamba]	_	_	_	_	_
_	_	[apiza]	_	_	_	_	_
_	_	[andikaandika]	_	_	_	_	_
_	_	[adili]	_	_	_	_	_
_	_	[zungukazunguka]	_	_	_	_	_
_	_	[zibua]	_	_	_	_	_
_	_	[weweseka]	_	_	_	_	_
_	_	[vumbika]	_	_	_	_	_
_	_	[tweza]	_	_	_	_	_
_	_	[tutusa]	_	_	_	_	_
_	_	[togatoga]	_	_	_	_	_
_	_	[taalaki]	_	_	_	_	_
_	_	[sulubu]	_	_	_	_	_
_	_	[stahamili]	_	_	_	_	_
_	_	[songoa]	_	_	_	_	_
_	_	[sindika]	_	_	_	_	_
_	_	[shinikiza]	_	_	_	_	_
_	_	[sheheni]	_	_	_	_	_
_	_	RELAT	_	_	_	_	_
_	_	[rauka]	_	_	_	_	_
_	_	[purura]	_	_	_	_	_
_	_	[punguapungua]	_	_	_	_	_
_	_	[pukusa]	_	_	_	_	_
_	_	[pomoa]	_	_	_	_	_
_	_	[paua]	_	_	_	_	_
_	_	[papasapapasa]	_	_	_	_	_
_	_	[nyatua]	_	_	_	_	_
_	_	[ng'ong'ona]	_	_	_	_	_
_	_	[nepua]	_	_	_	_	_
_	_	[neemeka]	_	_	_	_	_
_	_	[memetuka]	_	_	_	_	_
_	_	[kuwakuwa]	_	_	_	_	_
_	_	[kusuru]	_	_	_	_	_
_	_	[kurupua]	_	_	_	_	_
_	_	[keketa]	_	_	_	_	_
_	_	[karirikariri]	_	_	_	_	_
_	_	[kakamia]	_	_	_	_	_
_	_	[kakamaa]	_	_	_	_	_
_	_	[jaalia]	_	_	_	_	_
_	_	[hongeza]	_	_	_	_	_
_	_	[hongera]	_	_	_	_	_
_	_	[hiri]	_	_	_	_	_
_	_	[hani]	_	_	_	_	_
_	_	[halisi]	_	_	_	_	_
_	_	[ghafilika]	_	_	_	_	_
_	_	[gagamia]	_	_	_	_	_
_	_	[firigisafirigisa]	_	_	_	_	_
_	_	[finika]	_	_	_	_	_
_	_	[fedhehi]	_	_	_	_	_
_	_	[farakana]	_	_	_	_	_
_	_	[fanza]	_	_	_	_	_
_	_	[faitika]	_	_	_	_	_
_	_	[ekua]	_	_	_	_	_
_	_	[doea]	_	_	_	_	_
_	_	[demka]	_	_	_	_	_
_	_	[dahili]	_	_	_	_	_
_	_	[chuna]	_	_	_	_	_
_	_	[chukuzana]	_	_	_	_	_
_	_	[changanua]	_	_	_	_	_
_	_	[binya]	_	_	_	_	_
_	_	[biginya]	_	_	_	_	_
_	_	[benua]	_	_	_	_	_
_	_	[batiza]	_	_	_	_	_
_	_	[banza]	_	_	_	_	_
_	_	[bakiza]	_	_	_	_	_
_	_	[aziri]	_	_	_	_	_
_	_	[auni]	_	_	_	_	_
_	_	[amiri]	_	_	_	_	_
_	_	[afu]	_	_	_	_	_
_	_	[zubaa]	_	_	_	_	_
_	_	[zongoa]	_	_	_	_	_
_	_	[wanga]	_	_	_	_	_
_	_	[wakawaka]	_	_	_	_	_
_	_	[vutavuta]	_	_	_	_	_
_	_	[tusi]	_	_	_	_	_
_	_	[tengamaa]	_	_	_	_	_
_	_	[tekeza]	_	_	_	_	_
_	_	[tarizi]	_	_	_	_	_
_	_	TAM=PAST:liisha	_	_	_	_	_
_	_	[tafakhari]	_	_	_	_	_
_	_	[taamali]	_	_	_	_	_
_	_	[swali]	_	_	_	_	_
_	_	[sumba]	_	_	_	_	_
_	_	[sukumasukuma]	_	_	_	_	_
_	_	[subutu]	_	_	_	_	_
_	_	SUB-PREF=NEG-SG2	_	_	_	_	_
_	_	[sowera]	_	_	_	_	_
_	_	[silimu]	_	_	_	_	_
_	_	[shufu]	_	_	_	_	_
_	_	[sagasaga]	_	_	_	_	_
_	_	[ruzuku]	_	_	_	_	_
_	_	[rufai]	_	_	_	_	_
_	_	[radidi]	_	_	_	_	_
_	_	[pulika]	_	_	_	_	_
_	_	[payapaya]	_	_	_	_	_
_	_	[parapara]	_	_	_	_	_
_	_	[pangua]	_	_	_	_	_
_	_	[ongopa]	_	_	_	_	_
_	_	[nyunya]	_	_	_	_	_
_	_	[nepa]	_	_	_	_	_
_	_	[mwagila]	_	_	_	_	_
_	_	[metameta]	_	_	_	_	_
_	_	[lambalamba]	_	_	_	_	_
_	_	[keta]	_	_	_	_	_
_	_	[kazakaza]	_	_	_	_	_
_	_	[karimu]	_	_	_	_	_
_	_	[karambuka]	_	_	_	_	_
_	_	[kakawana]	_	_	_	_	_
_	_	[juzu]	_	_	_	_	_
_	_	[jusuru]	_	_	_	_	_
_	_	[jalidi]	_	_	_	_	_
_	_	HORT-COLLOQ:ka-e	_	_	_	_	_
_	_	[hidi]	_	_	_	_	_
_	_	[heza]	_	_	_	_	_
_	_	[hepa]	_	_	_	_	_
_	_	[harikika]	_	_	_	_	_
_	_	[hamishahamisha]	_	_	_	_	_
_	_	[halifu]	_	_	_	_	_
_	_	[guta]	_	_	_	_	_
_	_	[gusagusa]	_	_	_	_	_
_	_	[gugumia]	_	_	_	_	_
_	_	[ghani]	_	_	_	_	_
_	_	[gandama]	_	_	_	_	_
_	_	[gaagaa]	_	_	_	_	_
_	_	[fungafunga]	_	_	_	_	_
_	_	[finyafinya]	_	_	_	_	_
_	_	[feli]	_	_	_	_	_
_	_	[faradhika]	_	_	_	_	_
_	_	[fananafanana]	_	_	_	_	_
_	_	[dumiza]	_	_	_	_	_
_	_	[chutama]	_	_	_	_	_
_	_	[chuchuka]	_	_	_	_	_
_	_	[chonotoa]	_	_	_	_	_
_	_	[changua]	_	_	_	_	_
_	_	[chagaa]	_	_	_	_	_
_	_	[bwabwaja]	_	_	_	_	_
_	_	[bumbuaza]	_	_	_	_	_
_	_	[banabana]	_	_	_	_	_
_	_	[bambikiza]	_	_	_	_	_
_	_	[bagaza]	_	_	_	_	_
_	_	[azimu]	_	_	_	_	_
_	_	[achama]	_	_	_	_	_
_	_	,	_	_	_	_	_
_	_	[zoazoa]	_	_	_	_	_
_	_	[zindika]	_	_	_	_	_
_	_	[vina]	_	_	_	_	_
_	_	[ulizauliza]	_	_	_	_	_
_	_	[tupatupa]	_	_	_	_	_
_	_	[tukusa]	_	_	_	_	_
_	_	[tubwikia]	_	_	_	_	_
_	_	[tisika]	_	_	_	_	_
_	_	[tifua]	_	_	_	_	_
_	_	[tawili]	_	_	_	_	_
_	_	[taradhia]	_	_	_	_	_
_	_	[tandaza]	_	_	_	_	_
_	_	[tamburika]	_	_	_	_	_
_	_	[taliki]	_	_	_	_	_
_	_	[tajamali]	_	_	_	_	_
_	_	[tafautika]	_	_	_	_	_
_	_	[suasua]	_	_	_	_	_
_	_	[stakimu]	_	_	_	_	_
_	_	[sonya]	_	_	_	_	_
_	_	[simba]	_	_	_	_	_
_	_	[shabiki]	_	_	_	_	_
_	_	[senga]	_	_	_	_	_
_	_	[semasema]	_	_	_	_	_
_	_	[selea]	_	_	_	_	_
_	_	[safihi]	_	_	_	_	_
_	_	[rindima]	_	_	_	_	_
_	_	[rekebisha]	_	_	_	_	_
_	_	[raghabu]	_	_	_	_	_
_	_	[pura]	_	_	_	_	_
_	_	PROVERB>>>>>	_	_	_	_	_
_	_	PROVERB<>>>>	_	_	_	_	_
_	_	PROVERB<<>>>	_	_	_	_	_
_	_	PROVERB<<<>>	_	_	_	_	_
_	_	PROVERB<<<<>	_	_	_	_	_
_	_	<<<<<PROVERB	_	_	_	_	_
_	_	[pembua]	_	_	_	_	_
_	_	[pemba]	_	_	_	_	_
_	_	[patapata]	_	_	_	_	_
_	_	[paraza]	_	_	_	_	_
_	_	[para]	_	_	_	_	_
_	_	[papia]	_	_	_	_	_
_	_	[pakata]	_	_	_	_	_
_	_	[pagaa]	_	_	_	_	_
_	_	[nyeka]	_	_	_	_	_
_	_	[nyarafu]	_	_	_	_	_
_	_	MIL	_	_	_	_	_
_	_	[mangamanga]	_	_	_	_	_
_	_	[kwendakwenda]	_	_	_	_	_
_	_	[kusanyakusanya]	_	_	_	_	_
_	_	[kurubia]	_	_	_	_	_
_	_	[kumbaa]	_	_	_	_	_
_	_	[kuli]	_	_	_	_	_
_	_	[kohoakohoa]	_	_	_	_	_
_	_	[kengemeka]	_	_	_	_	_
_	_	[kefyakefya]	_	_	_	_	_
_	_	[kasimu]	_	_	_	_	_
_	_	[kanga]	_	_	_	_	_
_	_	[kama]	_	_	_	_	_
_	_	[ingiliza]	_	_	_	_	_
_	_	[hulu]	_	_	_	_	_
_	_	[hiliki]	_	_	_	_	_
_	_	[hasidi]	_	_	_	_	_
_	_	[harika]	_	_	_	_	_
_	_	[haribikaharibika]	_	_	_	_	_
_	_	[hamanika]	_	_	_	_	_
_	_	[guchia]	_	_	_	_	_
_	_	[gombeza]	_	_	_	_	_
_	_	[futua]	_	_	_	_	_
_	_	[fuliza]	_	_	_	_	_
_	_	[fudikiza]	_	_	_	_	_
_	_	[erevuka]	_	_	_	_	_
_	_	[emeza]	_	_	_	_	_
_	_	[dungua]	_	_	_	_	_
_	_	[dunga]	_	_	_	_	_
_	_	[dona]	_	_	_	_	_
_	_	[disa]	_	_	_	_	_
_	_	[dhukuru]	_	_	_	_	_
_	_	[danda]	_	_	_	_	_
_	_	[dakuliza]	_	_	_	_	_
_	_	[cheua]	_	_	_	_	_
_	_	[chekacheka]	_	_	_	_	_
_	_	[cheachea]	_	_	_	_	_
_	_	[chachamaa]	_	_	_	_	_
_	_	[bukua]	_	_	_	_	_
_	_	[bughudhu]	_	_	_	_	_
_	_	[buga]	_	_	_	_	_
_	_	[buburuka]	_	_	_	_	_
_	_	[biringa]	_	_	_	_	_
_	_	[bikiri]	_	_	_	_	_
_	_	[bemba]	_	_	_	_	_
_	_	[beja]	_	_	_	_	_
_	_	[bakua]	_	_	_	_	_
_	_	[babiababia]	_	_	_	_	_
_	_	[ashiki]	_	_	_	_	_
_	_	[adabika]	_	_	_	_	_
_	_	[zulu]	_	_	_	_	_
_	_	[zawadia]	_	_	_	_	_
_	_	[yayuka]	_	_	_	_	_
_	_	[yaa]	_	_	_	_	_
_	_	[vuvia]	_	_	_	_	_
_	_	[vurumika]	_	_	_	_	_
_	_	[vunda]	_	_	_	_	_
_	_	[vukuta]	_	_	_	_	_
_	_	[umauma]	_	_	_	_	_
_	_	[tunduwaa]	_	_	_	_	_
_	_	[totoa]	_	_	_	_	_
_	_	[tononoka]	_	_	_	_	_
_	_	[toja]	_	_	_	_	_
_	_	[timiliza]	_	_	_	_	_
_	_	[timba]	_	_	_	_	_
_	_	[tikisha]	_	_	_	_	_
_	_	[tikisatikisa]	_	_	_	_	_
_	_	[tanza]	_	_	_	_	_
_	_	[tandaa]	_	_	_	_	_
_	_	[tamia]	_	_	_	_	_
_	_	[tajataja]	_	_	_	_	_
_	_	[tafakuli]	_	_	_	_	_
_	_	[tabii]	_	_	_	_	_
_	_	[tabaruku]	_	_	_	_	_
_	_	[taaradhi]	_	_	_	_	_
_	_	[susuika]	_	_	_	_	_
_	_	[stiri]	_	_	_	_	_
_	_	[stahi]	_	_	_	_	_
_	_	[staghfiru]	_	_	_	_	_
_	_	[sora]	_	_	_	_	_
_	_	[songea]	_	_	_	_	_
_	_	[sogoa]	_	_	_	_	_
_	_	[sinyaa]	_	_	_	_	_
_	_	[shuru]	_	_	_	_	_
_	_	[shaua]	_	_	_	_	_
_	_	[shaka]	_	_	_	_	_
_	_	[sapa]	_	_	_	_	_
_	_	[sambaratika]	_	_	_	_	_
_	_	[safidi]	_	_	_	_	_
_	_	[sabiki]	_	_	_	_	_
_	_	[rudiarudia]	_	_	_	_	_
_	_	[rovya]	_	_	_	_	_
_	_	[rina]	_	_	_	_	_
_	_	[regarega]	_	_	_	_	_
_	_	[rasimu]	_	_	_	_	_
_	_	[randaranda]	_	_	_	_	_
_	_	[pokonyoa]	_	_	_	_	_
_	_	[pindapinda]	_	_	_	_	_
_	_	[piku]	_	_	_	_	_
_	_	[pepesua]	_	_	_	_	_
_	_	[penyapenya]	_	_	_	_	_
_	_	[penga]	_	_	_	_	_
_	_	[parazaparaza]	_	_	_	_	_
_	_	[pamia]	_	_	_	_	_
_	_	[pambika]	_	_	_	_	_
_	_	[palia]	_	_	_	_	_
_	_	[nyoka]	_	_	_	_	_
_	_	[nyaa]	_	_	_	_	_
_	_	NO-PRON-GLOSS	_	_	_	_	_
_	_	[ng'ang'ana]	_	_	_	_	_
_	_	[nasua]	_	_	_	_	_
_	_	[nanua]	_	_	_	_	_
_	_	[megua]	_	_	_	_	_
_	_	[megamega]	_	_	_	_	_
_	_	[makinika]	_	_	_	_	_
_	_	LOC-17	_	_	_	_	_
_	_	[limbua]	_	_	_	_	_
_	_	[limba]	_	_	_	_	_
_	_	[lewalewa]	_	_	_	_	_
_	_	[kwepua]	_	_	_	_	_
_	_	[kwanyua]	_	_	_	_	_
_	_	[kota]	_	_	_	_	_
_	_	[korofisha]	_	_	_	_	_
_	_	[konyoa]	_	_	_	_	_
_	_	[khalisi]	_	_	_	_	_
_	_	[kawilika]	_	_	_	_	_
_	_	[karafati]	_	_	_	_	_
_	_	[kanyagakanyaga]	_	_	_	_	_
_	_	[kalibu]	_	_	_	_	_
_	_	[kaimu]	_	_	_	_	_
_	_	[jitanibu]	_	_	_	_	_
_	_	[jika]	_	_	_	_	_
_	_	[jamba]	_	_	_	_	_
_	_	[ishiliza]	_	_	_	_	_
_	_	[inukia]	_	_	_	_	_
_	_	[hisabu]	_	_	_	_	_
_	_	[hemahema]	_	_	_	_	_
_	_	[hasibu]	_	_	_	_	_
_	_	[harimika]	_	_	_	_	_
_	_	[hamahama]	_	_	_	_	_
_	_	[gotama]	_	_	_	_	_
_	_	[gonganika]	_	_	_	_	_
_	_	[goboa]	_	_	_	_	_
_	_	[gida]	_	_	_	_	_
_	_	[ghasiaghasia]	_	_	_	_	_
_	_	[gangua]	_	_	_	_	_
_	_	[fyosa]	_	_	_	_	_
_	_	[fyonza]	_	_	_	_	_
_	_	[fumua]	_	_	_	_	_
_	_	[fukuafukua]	_	_	_	_	_
_	_	[fingiza]	_	_	_	_	_
_	_	[fazaika]	_	_	_	_	_
_	_	[fatika]	_	_	_	_	_
_	_	[elemika]	_	_	_	_	_
_	_	[egeka]	_	_	_	_	_
_	_	[egamiza]	_	_	_	_	_
_	_	[dunduliza]	_	_	_	_	_
_	_	[dirikiza]	_	_	_	_	_
_	_	die	_	_	_	_	_
_	_	[dhabihu]	_	_	_	_	_
_	_	[deka]	_	_	_	_	_
_	_	[dawia]	_	_	_	_	_
_	_	[data]	_	_	_	_	_
_	_	[darizi]	_	_	_	_	_
_	_	[dapia]	_	_	_	_	_
_	_	[damka]	_	_	_	_	_
_	_	[churuzika]	_	_	_	_	_
_	_	[chupachupa]	_	_	_	_	_
_	_	[chunua]	_	_	_	_	_
_	_	[chucha]	_	_	_	_	_
_	_	[chongeza]	_	_	_	_	_
_	_	[chicha]	_	_	_	_	_
_	_	[cheleza]	_	_	_	_	_
_	_	[chekecha]	_	_	_	_	_
_	_	[charua]	_	_	_	_	_
_	_	CAUS:sh	_	_	_	_	_
_	_	[bwia]	_	_	_	_	_
_	_	[busuri]	_	_	_	_	_
_	_	[bungua]	_	_	_	_	_
_	_	[bumburuka]	_	_	_	_	_
_	_	[botoa]	_	_	_	_	_
_	_	[boronga]	_	_	_	_	_
_	_	[boba]	_	_	_	_	_
_	_	[boa]	_	_	_	_	_
_	_	[binua]	_	_	_	_	_
_	_	[betua]	_	_	_	_	_
_	_	[beta]	_	_	_	_	_
_	_	[atili]	_	_	_	_	_
_	_	[amia]	_	_	_	_	_
_	_	[ama]	_	_	_	_	_
_	_	[ahiri]	_	_	_	_	_
_	_	9-SG-OBJ	_	_	_	_	_
_	_	{	_	_	_	_	_
_	_	[zururazurura]	_	_	_	_	_
_	_	[zungushwazungushwa]	_	_	_	_	_
_	_	[zungumzazungumza]	_	_	_	_	_
_	_	[zumbua]	_	_	_	_	_
_	_	[zugazuga]	_	_	_	_	_
_	_	[zubaazubaa]	_	_	_	_	_
_	_	[zongazonga]	_	_	_	_	_
_	_	[zengea]	_	_	_	_	_
_	_	[zaba]	_	_	_	_	_
_	_	[yugayuga]	_	_	_	_	_
_	_	[yabisika]	_	_	_	_	_
_	_	[wanda]	_	_	_	_	_
_	_	[wajihi]	_	_	_	_	_
_	_	[wafiki]	_	_	_	_	_
_	_	[vundumka]	_	_	_	_	_
_	_	[vuavua]	_	_	_	_	_
_	_	[vizia]	_	_	_	_	_
_	_	[vimbuka]	_	_	_	_	_
_	_	[uya]	_	_	_	_	_
_	_	UNDER-SCORE	_	_	_	_	_
_	_	[umka]	_	_	_	_	_
_	_	[twaza]	_	_	_	_	_
_	_	[tundua]	_	_	_	_	_
_	_	[tumatuma]	_	_	_	_	_
_	_	[tubia]	_	_	_	_	_
_	_	[totoma]	_	_	_	_	_
_	_	[tosheleza]	_	_	_	_	_
_	_	[tonya]	_	_	_	_	_
_	_	[toga]	_	_	_	_	_
_	_	[tilifua]	_	_	_	_	_
_	_	[tengemaa]	_	_	_	_	_
_	_	[tematema]	_	_	_	_	_
_	_	[tazamatazama]	_	_	_	_	_
_	_	[tawadha]	_	_	_	_	_
_	_	[tata]	_	_	_	_	_
_	_	[tangaa]	_	_	_	_	_
_	_	[tandua]	_	_	_	_	_
_	_	[tanafusi]	_	_	_	_	_
_	_	[tamwa]	_	_	_	_	_
_	_	TAM=COND:ngekwisha	_	_	_	_	_
_	_	TAM=COND:kiisha	_	_	_	_	_
_	_	[tamanitamani]	_	_	_	_	_
_	_	[takabari]	_	_	_	_	_
_	_	[takabali]	_	_	_	_	_
_	_	[taipu]	_	_	_	_	_
_	_	[taharuki]	_	_	_	_	_
_	_	[taga]	_	_	_	_	_
_	_	[tabana]	_	_	_	_	_
_	_	[taataa]	_	_	_	_	_
_	_	[taadharika]	_	_	_	_	_
_	_	[sukutua]	_	_	_	_	_
_	_	SUB-PREF=SG3	_	_	_	_	_
_	_	[staftahi]	_	_	_	_	_
_	_	source	_	_	_	_	_
_	_	[soa]	_	_	_	_	_
_	_	[sinua]	_	_	_	_	_
_	_	[simbua]	_	_	_	_	_
_	_	[siliba]	_	_	_	_	_
_	_	[shonana]	_	_	_	_	_
_	_	[sherekea]	_	_	_	_	_
_	_	[sheherekea]	_	_	_	_	_
_	_	[sharifu]	_	_	_	_	_
_	_	[sepetua]	_	_	_	_	_
_	_	[sengenya]	_	_	_	_	_
_	_	[sakata]	_	_	_	_	_
_	_	RIGHT-CURLYBRACKET	_	_	_	_	_
_	_	[renga]	_	_	_	_	_
_	_	[rakibu]	_	_	_	_	_
_	_	[pweta]	_	_	_	_	_
_	_	[pupa]	_	_	_	_	_
_	_	[puma]	_	_	_	_	_
_	_	[pulizapuliza]	_	_	_	_	_
_	_	provenance	_	_	_	_	_
_	_	[popota]	_	_	_	_	_
_	_	[ponyoa]	_	_	_	_	_
_	_	[pongeza]	_	_	_	_	_
_	_	[pojaa]	_	_	_	_	_
_	_	[pinduapindua]	_	_	_	_	_
_	_	[pepeta]	_	_	_	_	_
_	_	[pepesapepesa]	_	_	_	_	_
_	_	[pelea]	_	_	_	_	_
_	_	[pecha]	_	_	_	_	_
_	_	[parura]	_	_	_	_	_
_	_	[pangusapangusa]	_	_	_	_	_
_	_	[pangapanga]	_	_	_	_	_
_	_	[paki]	_	_	_	_	_
_	_	origin	_	_	_	_	_
_	_	[ombeza]	_	_	_	_	_
_	_	[nyumbua]	_	_	_	_	_
_	_	[nyukua]	_	_	_	_	_
_	_	[nyaka]	_	_	_	_	_
_	_	[nuwia]	_	_	_	_	_
_	_	[numanuma]	_	_	_	_	_
_	_	[nopoa]	_	_	_	_	_
_	_	[ng'ong'a]	_	_	_	_	_
_	_	[nema]	_	_	_	_	_
_	_	[nadhifu]	_	_	_	_	_
_	_	[mwashamwasha]	_	_	_	_	_
_	_	[mung'unya]	_	_	_	_	_
_	_	[mata]	_	_	_	_	_
_	_	[malizamaliza]	_	_	_	_	_
_	_	[liga]	_	_	_	_	_
_	_	[leleja]	_	_	_	_	_
_	_	LEFT-CURLYBRACKET	_	_	_	_	_
_	_	[langua]	_	_	_	_	_
_	_	[lamka]	_	_	_	_	_
_	_	[kwangura]	_	_	_	_	_
_	_	[kwajua]	_	_	_	_	_
_	_	[kunjakunja]	_	_	_	_	_
_	_	[kunakuna]	_	_	_	_	_
_	_	[kumuntakumunta]	_	_	_	_	_
_	_	[kopakopa]	_	_	_	_	_
_	_	[koboa]	_	_	_	_	_
_	_	[kimbiakimbia]	_	_	_	_	_
_	_	[keng'eta]	_	_	_	_	_
_	_	[kenga]	_	_	_	_	_
_	_	[kemba]	_	_	_	_	_
_	_	[kawiza]	_	_	_	_	_
_	_	[kanza]	_	_	_	_	_
_	_	[kampeni]	_	_	_	_	_
_	_	[kakamka]	_	_	_	_	_
_	_	[kafua]	_	_	_	_	_
_	_	[juburu]	_	_	_	_	_
_	_	[jizunguka]	_	_	_	_	_
_	_	[jihimu]	_	_	_	_	_
_	_	[injilika]	_	_	_	_	_
_	_	[ima]	_	_	_	_	_
_	_	[husudi]	_	_	_	_	_
_	_	[hinikiza]	_	_	_	_	_
_	_	[hiji]	_	_	_	_	_
_	_	[hibu]	_	_	_	_	_
_	_	[hazini]	_	_	_	_	_
_	_	[hasimu]	_	_	_	_	_
_	_	[hangaikahangaika]	_	_	_	_	_
_	_	[habarisha]	_	_	_	_	_
_	_	[gwaraza]	_	_	_	_	_
_	_	[gusu]	_	_	_	_	_
_	_	[gushi]	_	_	_	_	_
_	_	[gura]	_	_	_	_	_
_	_	[geza]	_	_	_	_	_
_	_	[gaya]	_	_	_	_	_
_	_	[fyaragua]	_	_	_	_	_
_	_	[furutu]	_	_	_	_	_
_	_	[fumania]	_	_	_	_	_
_	_	[fukuta]	_	_	_	_	_
_	_	[fuatafuata]	_	_	_	_	_
_	_	[fingirika]	_	_	_	_	_
_	_	[fina]	_	_	_	_	_
_	_	[fikicha]	_	_	_	_	_
_	_	[fanyafanya]	_	_	_	_	_
_	_	[fakamia]	_	_	_	_	_
_	_	[faharika]	_	_	_	_	_
_	_	[ezua]	_	_	_	_	_
_	_	[emea]	_	_	_	_	_
_	_	[dukua]	_	_	_	_	_
_	_	[dodowea]	_	_	_	_	_
_	_	[doda]	_	_	_	_	_
_	_	[dinda]	_	_	_	_	_
_	_	[dhalilisha]	_	_	_	_	_
_	_	[dawamu]	_	_	_	_	_
_	_	[danga]	_	_	_	_	_
_	_	[dakadaka]	_	_	_	_	_
_	_	[dadisidadisi]	_	_	_	_	_
_	_	[chungachunga]	_	_	_	_	_
_	_	[chuchua]	_	_	_	_	_
_	_	[chombeza]	_	_	_	_	_
_	_	[chokora]	_	_	_	_	_
_	_	[chokonoa]	_	_	_	_	_
_	_	[chochota]	_	_	_	_	_
_	_	[cheki]	_	_	_	_	_
_	_	[chanachana]	_	_	_	_	_
_	_	[chakarika]	_	_	_	_	_
_	_	[chakacha]	_	_	_	_	_
_	_	[chachama]	_	_	_	_	_
_	_	[bweta]	_	_	_	_	_
_	_	[bwatuka]	_	_	_	_	_
_	_	[bwatabwata]	_	_	_	_	_
_	_	[bwagaza]	_	_	_	_	_
_	_	[bung'aa]	_	_	_	_	_
_	_	[bughudhi]	_	_	_	_	_
_	_	[bonga]	_	_	_	_	_
_	_	[bini]	_	_	_	_	_
_	_	beginning	_	_	_	_	_
_	_	[batiliza]	_	_	_	_	_
_	_	[baranganya]	_	_	_	_	_
_	_	[baraguza]	_	_	_	_	_
_	_	[bangua]	_	_	_	_	_
_	_	[bamiza]	_	_	_	_	_
_	_	[bambua]	_	_	_	_	_
_	_	[baleghe]	_	_	_	_	_
_	_	[balansi]	_	_	_	_	_
_	_	[azimaazima]	_	_	_	_	_
_	_	[awa]	_	_	_	_	_
_	_	AP	_	_	_	_	_
_	_	[angaliaangalia]	_	_	_	_	_
_	_	[anga]	_	_	_	_	_
_	_	[amkua]	_	_	_	_	_
_	_	[amili]	_	_	_	_	_
_	_	[aliki]	_	_	_	_	_
_	_	[ajili]	_	_	_	_	_
_	_	[agaa]	_	_	_	_	_
_	_	[adhini]	_	_	_	_	_
_	_	7-SG-REL	_	_	_	_	_
_	_	1-SG-SUB-REL	_	_	_	_	_
_	_	18-LOC	_	_	_	_	_
